CustomerID,Recency,Frequency,Monetary
178,23,156,33817.17
147,23,115,36128.77
12583,24,18,7187.34
13748,117,5,948.25
150,30,23,4628.00
15291,47,20,4596.51
14688,29,27,5055.61
179,26,111,30533.27
15311,22,118,59284.19
14527,24,86,7709.69
198,23,54,31461.36
174,22,141,230576.82
129,24,169,94097.61
162,23,69,47006.82
12431,57,18,6348.89
17511,24,46,88125.38
17548,239,3,-141.48
135,23,63,19822.19
13747,395,1,79.60
138,23,173,50129.45
13767,24,52,16945.71
17924,23,13,2894.33
13448,38,10,3460.99
15862,30,4,832.88
15513,53,22,14520.08
12791,395,1,192.60
16218,51,8,3054.87
145,23,85,22072.81
12838,55,2,671.95
13255,25,3,390.66
16583,395,1,233.45
185,24,38,8534.02
13758,33,7,3190.55
13694,25,60,62690.54
15983,44,4,1465.12
14849,43,28,7904.28
17968,395,1,265.10
17897,194,4,516.31
17377,45,21,3883.32
16552,264,2,379.73
17181,79,2,239.92
17951,61,4,990.84
14729,395,1,313.49
12748,22,224,28405.56
112,31,17,3445.75
12868,207,6,1607.06
17572,93,4,226.75
101,22,32,16200.10
12662,22,12,3817.08
15525,24,4,719.47
14237,395,1,161.00
175,23,78,18841.39
15485,52,3,2564.50
12433,22,7,13375.87
16955,206,5,493.67
153,26,51,17876.54
155,23,86,29281.71
18144,29,12,2888.75
15922,394,2,363.60
14594,29,2,363.33
15165,395,1,487.75
14911,23,248,132458.73
16456,121,5,2158.18
17841,23,169,39869.05
12472,52,13,6229.48
17346,25,16,2557.90
17643,395,1,101.55
17873,102,6,1754.16
193,34,29,14685.89
12921,25,50,16389.74
13468,23,41,5656.75
177,23,81,26370.05
16928,102,19,2748.60
148,24,86,17182.37
16274,395,1,351.75
14496,333,2,538.81
14696,26,9,2070.97
16539,24,4,1388.81
125,27,63,41513.07
13777,22,41,25748.35
176,25,93,32401.35
12947,165,11,1407.29
18229,33,20,7276.90
14142,395,1,311.81
169,22,109,33008.64
165,22,104,33795.17
146,23,201,53073.43
16835,150,2,180.85
15235,239,12,2247.51
13576,32,20,6703.30
111,30,19,3777.20
1,24,173,60112.95
15694,22,15,6423.60
14741,33,6,1400.34
13715,303,8,1051.99
192,24,46,16599.89
17732,394,1,303.97
12855,394,1,38.10
15752,61,8,2618.15
17855,394,1,208.97
17925,394,1,244.08
13941,43,7,4912.41
117,24,33,9638.57
14135,23,15,4690.31
12471,24,49,18705.52
151,22,117,42539.08
13418,33,23,5845.44
14766,30,8,2423.07
15658,212,8,958.90
14388,30,10,3172.04
141,25,139,36796.96
15955,46,16,4389.81
16244,233,2,1522.75
15111,51,3,1567.48
143,25,63,21006.26
16546,312,3,-95.93
152,26,104,24543.96
14491,197,2,340.93
15923,394,1,127.08
16752,394,1,207.50
17287,48,7,1049.06
15363,263,2,318.05
12915,170,2,363.65
15544,30,11,3542.51
15738,40,19,4788.77
142,23,78,17621.86
17381,30,30,20272.43
15827,95,20,1641.48
13117,43,8,984.91
16916,45,2,562.41
17964,53,2,463.21
14466,51,7,2272.40
17235,47,2,550.06
172,24,75,20752.83
157,24,74,19559.56
17976,394,1,321.79
14449,40,4,885.80
15838,33,21,33350.76
16781,387,2,294.65
17547,394,1,-11.80
13491,73,10,1215.82
16186,44,13,3991.94
17685,38,7,3155.83
17581,22,31,10716.31
15732,234,2,294.12
13138,44,6,962.39
15823,359,2,-840.76
17567,29,10,4012.56
161,23,175,93594.32
163,26,64,21522.86
156,23,126,37661.25
15574,199,4,675.64
167,25,85,20020.41
17838,48,6,2267.40
17228,37,8,1906.09
14829,51,6,644.65
17412,24,7,1258.06
131,26,61,24301.70
14775,80,3,1011.90
12971,25,89,10930.26
15834,92,6,2076.30
17659,25,14,2954.75
15299,89,11,3787.09
15646,179,4,425.14
13958,394,1,-102.45
14443,75,7,1400.88
14156,31,66,113214.59
16995,394,1,-1.25
132,23,96,26606.96
18168,198,9,1123.74
17757,23,31,5573.59
14625,207,5,848.48
13798,23,63,36352.87
15384,191,3,635.76
14264,176,3,319.47
13295,381,2,197.95
16754,394,1,2002.40
16634,244,2,217.90
18239,240,5,1561.61
14576,394,1,35.40
13145,61,5,614.77
14395,24,12,3444.11
14865,29,2,52.20
12738,394,1,155.35
17552,64,6,909.96
14236,102,2,490.86
17961,43,39,1296.44
14573,201,13,1590.12
17135,38,7,1139.73
17396,61,8,7330.80
14213,393,1,-1192.20
12967,25,4,1194.75
12686,393,1,89.14
14679,393,1,-2.55
18225,25,17,5356.86
133,26,81,31104.59
16883,209,2,272.48
12841,26,26,3845.63
12427,33,5,708.37
17967,393,1,112.27
16891,23,5,742.43
14589,393,1,39.75
17884,25,4,695.07
12557,38,5,11990.96
183,26,18,4278.67
113,23,74,38813.55
16477,85,7,2494.46
120,29,30,11655.30
17949,23,52,52750.84
12779,43,12,3868.70
16926,393,1,230.25
17787,174,4,1817.54
12682,25,31,12279.82
14723,32,6,1122.36
17954,27,16,2276.78
17819,93,8,3661.07
12712,44,17,4241.63
15373,30,13,2213.11
17198,45,3,692.22
17238,24,17,3719.10
12793,356,2,545.48
15769,29,29,51823.72
14396,87,2,487.99
14898,45,8,1194.11
12725,393,1,427.80
16725,324,8,752.32
12395,37,15,2998.28
16455,85,7,1841.18
181,23,67,38626.43
15545,76,2,288.97
17243,23,30,8491.75
15465,41,24,6945.02
158,23,84,19484.84
189,23,157,67918.09
13838,27,4,674.82
15351,34,10,1836.69
16241,31,13,2590.31
140,40,27,7968.52
16839,30,39,15357.78
16168,32,28,3770.60
16931,27,21,4554.87
16814,36,22,6408.20
13269,23,17,5312.97
14813,391,2,152.88
12567,44,11,9114.94
15332,388,4,1661.06
16353,25,23,6675.71
18118,32,31,5567.03
13831,38,6,2198.45
136,23,53,11186.35
17796,62,4,690.00
15716,167,4,1101.11
18156,34,2,675.64
15221,388,2,114.10
16983,34,8,1894.82
159,22,66,15025.60
16327,36,6,3820.27
17211,48,9,2299.67
126,22,51,18710.50
16718,391,1,606.05
17858,27,12,5140.66
16393,24,20,2935.80
14161,237,3,1097.62
17863,81,6,3160.00
16411,41,2,211.70
123,25,39,18780.99
15426,41,7,1386.58
12647,44,13,3669.92
15894,275,2,258.25
15867,27,16,3795.29
15555,34,20,4747.89
134,23,80,18319.79
15889,178,2,420.07
15953,37,10,1632.43
16143,25,7,2419.84
127,24,77,22665.36
16422,39,75,33805.69
12747,24,11,4196.01
12763,160,2,494.08
17965,59,14,2599.19
144,24,101,22197.25
13579,36,2,467.04
13174,38,3,2742.82
15987,34,7,1432.77
17677,23,43,16201.37
13652,67,3,1095.08
12586,39,2,179.94
17428,22,33,17078.45
16161,23,26,5311.08
16858,388,2,345.89
18219,24,11,2019.77
14293,25,4,1046.56
14748,51,6,1311.79
16638,44,11,1676.47
17674,96,2,551.04
128,25,60,18640.06
194,33,31,6038.19
15899,390,1,56.25
15898,23,6,1379.63
17691,380,2,290.40
17227,40,6,939.32
139,24,114,37844.76
15919,41,2,525.69
13497,304,3,321.05
14189,24,24,4604.31
154,22,64,16458.00
14867,207,4,701.33
14344,149,8,889.93
12474,39,30,7064.77
16719,36,8,1753.72
16898,48,4,436.68
14825,25,12,2221.01
18113,390,1,76.32
17596,45,7,2806.69
13155,55,4,971.76
16919,178,11,2592.25
17259,170,2,581.23
119,23,20,6398.54
14487,48,7,1152.73
16722,39,16,4711.21
15882,220,5,495.36
14667,32,27,9165.04
15984,24,11,2759.93
17682,32,7,2459.33
16658,390,1,123.24
168,32,51,13704.66
15356,53,10,2718.03
17223,332,2,416.89
16817,24,13,1446.95
17191,50,7,2093.68
15194,25,22,7521.17
149,24,87,30771.77
16654,163,5,594.97
16861,81,3,151.65
16138,390,1,-7.95
13481,67,8,1776.81
13495,29,6,1990.12
17519,39,7,1839.07
17218,26,10,1951.97
17812,34,4,699.81
14215,33,7,1777.92
173,24,76,26127.15
16782,32,19,2230.30
12913,26,5,2483.63
17869,129,5,428.18
13564,166,5,623.39
121,26,75,24879.88
13963,330,4,664.54
191,24,16,4914.65
17616,195,3,571.20
15649,358,2,816.00
12681,36,27,13677.59
17735,24,19,13110.02
118,38,39,9180.15
14733,31,15,9451.54
13756,24,15,5145.12
14176,319,5,574.00
13319,27,36,10664.34
15353,276,2,770.12
18119,389,1,180.70
17491,23,11,3541.92
14282,25,15,3701.44
13569,39,2,338.62
15498,22,35,12396.46
14673,25,5,1736.40
13488,39,17,8910.61
16221,58,3,860.86
102,95,11,3780.22
15965,39,4,808.87
124,27,58,16068.18
17675,23,41,20098.10
13769,24,16,2771.87
164,26,55,16307.80
186,29,14,3692.63
13786,389,1,230.40
13173,26,2,353.65
15858,37,5,1427.57
12347,24,7,4310.00
14739,24,8,3899.10
16293,30,12,2236.74
17419,33,14,4200.97
16775,32,11,1691.51
166,25,70,12526.82
17591,95,8,2192.72
12839,24,16,5583.62
137,25,50,13796.13
16125,389,1,289.35
182,22,112,273698.86
16365,39,9,1540.42
14821,388,1,48.80
16863,51,4,481.35
13267,24,27,4404.44
15628,26,10,2865.64
12386,359,2,401.90
14796,23,27,7792.51
16779,24,28,10436.05
13599,23,33,5026.85
13329,53,4,740.40
14744,38,9,1088.53
13983,51,13,2590.46
13842,80,9,3385.62
12441,388,1,173.55
13199,25,39,9803.96
16525,24,29,11895.57
14952,68,15,7912.79
17975,37,14,4388.06
16122,95,4,684.42
13126,26,10,2056.29
15973,257,3,99.77
16558,22,24,8257.04
16713,40,21,6827.88
16893,388,1,145.93
15529,44,12,3935.15
116,25,24,8206.11
17722,118,6,2380.64
17324,39,4,986.48
17341,178,3,682.29
15916,38,10,1466.01
16233,93,5,422.13
16385,82,3,554.86
17213,62,11,2741.08
13113,22,40,10510.00
16553,185,14,5664.57
13455,46,4,1007.35
14217,23,24,1925.36
17262,74,5,1253.36
14299,30,18,2855.35
18259,46,3,2338.60
17676,26,7,1366.77
16679,388,1,129.75
18269,380,2,138.90
12766,25,7,6989.63
15298,24,14,3774.10
18193,172,3,212.96
13523,55,6,3755.38
105,25,49,10309.39
15581,142,14,3425.77
13649,278,2,346.60
17894,93,8,1118.96
14618,31,4,538.59
14866,32,13,14197.45
13115,30,14,2205.63
13531,227,2,483.80
13848,114,3,1255.00
15713,165,3,346.75
17999,59,2,380.39
15347,388,1,201.60
13984,48,6,488.03
15996,110,7,1016.68
16252,388,1,-295.09
16596,37,2,250.15
160,26,38,8977.52
17655,32,8,2571.74
16717,31,9,3263.06
14243,30,14,2535.88
12963,30,9,1841.03
14437,165,2,-43.40
12942,153,3,675.60
15358,26,29,8235.65
12481,44,11,5574.36
12721,53,7,2628.98
12621,23,23,13612.07
171,25,57,13921.61
12683,26,20,8221.09
12755,271,4,2203.20
13854,30,29,8025.02
12797,382,3,194.18
13369,376,2,263.75
12494,31,13,1139.35
17857,25,25,26763.34
17411,34,4,748.94
14932,387,1,363.53
12429,31,4,3750.40
14987,37,2,326.40
14355,387,1,174.40
17526,23,8,706.70
14896,226,2,468.77
14479,275,2,316.25
15945,387,1,181.00
15181,88,5,680.28
15856,26,31,15929.74
15271,29,16,2472.09
13982,61,5,1861.11
15288,65,5,2306.52
17978,387,1,300.92
16795,387,1,414.88
16519,47,2,215.08
17816,58,4,36.56
16255,38,10,2609.30
17671,37,6,1284.08
17646,241,4,995.66
12649,129,4,603.71
12872,348,2,599.97
17339,116,2,243.36
16499,382,5,319.10
197,24,32,9914.62
15192,141,3,1044.32
14441,22,10,1545.14
15279,376,2,277.41
16579,387,1,-30.60
17442,51,10,2210.26
12826,24,8,1468.12
17456,387,1,249.86
15811,39,9,2171.32
13327,60,9,3617.57
170,38,30,8080.35
13136,72,11,2545.38
15535,195,7,426.40
15329,57,5,1005.50
15211,82,2,894.41
15596,122,9,1343.34
16163,247,3,441.60
17576,30,22,3399.93
14713,31,12,2660.10
13969,29,20,8956.92
17696,60,14,2201.05
17827,27,5,1987.33
16265,31,11,5423.15
12731,45,14,18793.41
14419,32,6,1051.79
17912,332,6,294.66
15723,386,1,190.70
16656,44,21,8568.24
14256,276,3,935.06
14543,25,21,2916.17
18116,89,8,1403.11
18178,135,6,1573.41
13148,51,17,3324.62
12989,25,19,6854.51
15881,334,8,438.24
12785,24,2,305.71
16727,386,1,256.32
15514,34,13,2907.45
13787,97,2,309.04
17865,52,27,10158.54
16565,386,1,173.70
16873,26,10,7066.31
15179,40,7,2186.20
14448,31,2,375.35
17251,384,1,269.83
16923,34,26,6488.30
14159,41,14,4615.64
17126,174,7,976.55
15224,380,3,310.48
14577,34,4,859.71
12753,25,11,21024.01
17236,34,6,916.13
17372,62,8,1337.18
16367,59,2,800.67
12875,165,2,343.23
17917,67,3,335.03
13668,24,29,6162.31
14684,47,5,1201.51
17188,33,9,2275.58
15547,29,14,4910.60
15998,58,6,3074.42
14413,384,1,121.05
104,33,33,12886.90
13959,101,3,594.04
16665,384,1,135.40
15454,384,1,179.10
17937,30,7,4301.22
17618,27,3,930.28
13198,32,8,3384.09
13225,25,8,6083.04
15361,383,1,418.92
15689,141,2,254.10
13999,32,15,3865.26
14498,64,5,1957.32
15854,26,12,2969.12
16927,137,3,543.05
14544,46,2,2004.30
17338,39,10,6461.79
17231,34,14,3078.22
17799,44,11,3009.32
14565,117,6,3073.77
16726,48,5,1358.74
14639,74,8,2952.34
17611,25,19,3924.77
17179,200,3,711.79
17524,383,1,145.00
12476,23,20,6546.58
17293,30,9,1854.06
17375,212,4,372.50
17371,39,3,418.40
17969,188,2,228.20
15159,23,34,18573.68
13211,32,3,1095.42
15777,263,5,1021.61
14525,30,13,4105.07
13324,54,12,7072.80
13948,382,1,102.00
108,45,14,2773.44
16442,23,3,609.30
15468,57,5,438.46
14524,53,9,1843.83
18141,382,1,-35.40
12434,106,4,765.19
14961,32,12,7006.58
16458,24,18,3482.74
16262,382,1,-31.65
17194,295,2,262.62
14871,25,4,501.28
13178,48,11,5725.47
16812,382,1,479.35
16191,24,25,4913.32
14298,25,45,50862.44
17158,54,3,1266.97
14415,23,18,5766.85
16899,29,6,1271.06
16531,44,7,1244.59
16556,88,7,3313.79
17739,33,8,2786.05
13238,33,5,680.83
12829,344,3,253.05
12867,48,10,3958.74
15392,26,5,1515.73
13846,46,4,847.61
16145,30,18,3741.98
17629,27,9,1784.12
13496,32,3,617.93
13611,111,4,1140.80
16954,22,9,2085.08
17454,214,4,517.53
17449,24,8,2503.21
12865,48,3,1548.07
15512,177,2,121.00
17525,381,1,422.70
13458,29,22,9537.92
14426,40,16,3918.90
103,51,8,2884.42
13426,22,12,3550.70
13221,262,2,847.41
17692,149,5,733.44
15822,25,2,885.47
16134,43,3,603.69
17551,381,1,290.34
14913,57,4,1227.43
12666,381,1,-227.44
15641,127,4,1887.20
13124,111,3,3756.33
17214,82,7,974.12
15456,305,3,434.59
12928,57,5,2062.70
15727,38,7,5159.06
17752,381,1,80.64
15615,32,27,10360.04
12577,57,4,564.20
13829,381,1,-102.00
17633,53,6,1242.34
13266,33,19,3717.67
15664,72,2,358.63
17189,128,2,383.75
17496,380,1,271.05
13317,86,9,2140.07
15246,260,2,514.15
16996,52,9,1427.46
15482,37,16,6393.52
14841,75,6,3295.76
16985,39,11,5461.62
14414,113,8,1485.13
15563,30,7,1319.69
16746,26,19,6676.76
14878,34,9,1476.09
16743,51,8,2166.88
17146,127,3,749.78
12877,25,12,1535.77
15394,31,4,2183.54
14621,23,6,1765.76
15379,191,8,3631.89
17288,31,7,1417.63
15157,25,5,1869.50
17744,25,7,2291.08
16316,86,12,2755.56
15789,380,1,351.30
13534,24,43,5613.08
14777,26,2,-17.45
15759,240,3,253.04
14373,380,1,76.55
18176,375,2,448.65
15366,97,2,602.51
14735,25,34,5807.69
16271,24,6,1398.69
18223,23,27,6315.23
15532,47,6,1500.88
16816,125,4,417.06
16684,26,31,65892.08
14334,38,9,2539.46
16945,43,19,4345.50
14643,192,3,668.61
15197,30,5,656.44
13874,380,1,540.45
17848,103,9,901.20
17392,328,2,417.27
12348,97,4,1797.24
14985,220,2,292.01
12931,43,20,33462.81
13627,81,7,1624.02
12551,379,1,168.00
12782,26,6,2273.32
14769,24,10,10383.83
12417,25,12,3578.80
17315,22,43,6193.43
16711,25,5,1651.03
12726,50,7,2609.10
17888,40,10,515.73
107,69,12,2728.15
12691,50,6,1035.80
13869,145,4,3083.65
14146,30,6,2949.57
16885,37,3,450.41
17913,80,2,408.65
12668,29,6,3743.18
14472,125,8,1852.67
17358,325,2,360.81
16686,69,9,2940.53
18245,29,8,2507.56
17343,377,1,193.64
18256,376,1,-50.10
16153,71,5,1824.23
12377,337,2,1628.12
14646,23,77,279489.02
12944,57,2,604.51
15312,97,5,921.10
199,38,18,4611.02
14113,25,8,1377.92
17621,43,4,1336.10
14119,376,1,-19.90
15527,40,10,2347.57
12423,22,9,1849.11
12678,64,13,17588.26
14737,25,3,1164.55
13487,79,3,575.40
12515,375,1,383.70
17593,25,6,3908.08
13953,29,7,3515.68
14533,46,9,1812.62
12734,374,1,110.40
14944,51,14,5842.95
17239,334,2,379.95
14532,258,4,932.85
12383,206,6,1839.31
15562,373,1,134.55
15587,72,4,913.68
13922,373,1,172.25
13817,51,2,382.98
12585,256,4,1982.81
13165,68,2,1021.48
13313,44,5,1555.32
16875,86,9,2023.47
16282,361,1,168.30
12957,26,12,3979.04
14462,85,15,1942.45
13397,94,6,1539.18
12483,39,13,2327.13
15164,90,3,824.58
17457,148,5,1737.70
14732,30,10,2686.34
14221,64,10,3427.85
14553,41,5,859.27
13253,178,2,1030.40
17389,22,43,31300.08
12578,43,4,2753.36
15841,86,6,1209.10
16112,165,4,195.74
13629,45,11,7792.36
15661,339,2,309.80
16532,39,3,6748.80
15266,360,1,119.30
14653,23,7,1926.65
16771,55,5,2242.61
17585,131,4,1116.68
15464,360,1,1044.65
18226,60,14,5192.10
12415,46,26,123725.45
17368,45,9,1315.72
14258,31,10,12650.08
15719,54,14,5028.42
13368,278,2,623.40
17634,58,9,2358.59
16676,55,5,1558.72
16424,213,2,82.56
18283,25,16,2045.53
12735,337,2,779.57
13764,92,3,1519.42
13656,186,2,379.65
12413,88,5,694.15
14312,68,6,1611.59
15845,39,10,3650.87
13187,359,1,236.02
16567,216,2,865.60
14828,218,3,2139.76
16551,117,3,922.12
16889,216,3,1578.67
16473,186,4,314.86
15139,261,2,178.96
12489,358,1,334.93
18198,26,21,5083.06
12484,54,8,4480.87
18179,31,6,1793.17
17284,82,7,1636.58
13233,96,2,605.12
14889,358,1,135.90
14672,256,2,765.55
13593,130,6,1965.08
13162,144,5,1644.99
13183,29,9,3957.78
195,44,14,3107.35
12939,86,8,11581.80
15611,31,15,1568.39
17114,27,10,739.72
16326,27,15,3014.22
17128,356,1,157.09
14761,80,2,255.90
17555,41,2,480.31
12651,356,1,114.00
16735,100,7,2216.06
16833,23,4,1106.53
16748,39,5,1515.90
14755,31,12,4965.38
16549,32,10,4034.90
13565,41,2,240.22
15799,97,3,884.14
13451,48,6,2838.56
14794,24,9,1272.11
12539,44,5,3852.50
18171,80,7,1208.51
16279,43,4,1489.88
12524,31,8,4485.72
17811,26,51,7601.80
14321,32,5,1530.75
15326,355,1,311.71
17849,240,4,605.80
13672,323,6,-71.46
14229,73,5,1450.60
16497,71,6,2965.69
15281,80,12,2239.95
12736,354,1,234.00
13473,82,3,417.54
12393,94,4,1582.60
17742,135,2,355.11
16351,354,1,153.90
13144,354,1,110.95
15346,354,1,252.42
12643,150,6,3344.64
14295,62,2,154.70
17365,34,8,4767.36
15189,23,53,15802.14
14669,263,3,1259.24
15518,86,13,1890.99
15749,257,4,21535.90
15569,125,5,1375.71
12728,93,4,836.33
17569,354,1,344.14
13784,31,11,2462.79
12724,27,4,1031.41
13862,40,10,2187.31
16791,51,8,1690.28
16235,62,6,858.41
12665,346,2,61.75
12523,23,13,1745.57
16655,39,6,3789.52
16359,29,12,1460.37
16554,25,7,641.55
12359,29,6,6182.98
15939,111,16,6102.26
14587,40,10,1577.39
14715,46,4,867.38
14185,353,1,197.65
12437,23,19,4896.66
12652,344,2,914.53
14514,83,3,990.20
15171,346,2,1034.50
14167,61,4,562.59
17364,22,12,4437.23
13284,344,2,196.15
12951,30,8,1042.07
15835,66,4,954.09
13993,54,12,3409.66
14114,295,2,386.53
15447,352,1,155.17
16315,352,1,226.37
14978,94,5,1921.37
16395,82,5,1482.06
13614,46,4,1585.46
13246,40,7,1896.32
15687,30,11,2981.50
16493,94,6,1329.66
12672,351,1,225.90
13385,351,1,534.57
15626,96,2,675.80
12553,30,14,3652.25
15213,340,3,325.05
14175,73,7,3108.06
14329,30,14,4889.14
13782,34,6,908.86
12924,110,5,929.95
16593,72,3,330.03
130,41,25,6139.57
13634,55,5,1547.36
16843,64,17,10183.82
15673,110,4,2726.23
12626,45,13,6388.35
14976,79,8,765.86
12388,37,6,2780.66
13527,55,8,2218.61
15696,55,12,2619.11
15316,348,1,165.00
12673,27,2,610.52
15296,66,10,3610.31
17988,33,8,191.17
14238,348,1,146.85
13929,191,3,802.85
14657,39,5,838.27
13859,348,1,201.16
18212,348,1,216.07
14292,29,14,4819.33
13883,23,9,2538.75
18233,347,1,440.00
14242,256,2,280.55
12356,44,3,2811.43
12346,347,2,0.00
13898,347,1,155.93
16948,160,3,435.02
16997,310,3,702.00
12527,103,3,348.71
15395,347,1,107.45
13693,347,2,-32.00
13263,23,35,7436.93
14428,29,7,1209.37
12451,32,6,8933.52
12422,117,3,803.56
15831,80,4,740.64
14916,92,5,1264.84
14572,25,10,2775.39
14784,48,2,289.99
15938,134,5,404.58
12637,89,10,5934.25
17418,64,2,463.46
14779,302,3,386.15
16321,94,7,230.70
15262,345,1,178.95
17862,345,1,330.90
16892,23,7,489.49
122,33,19,7451.59
17771,78,2,245.81
15422,345,2,97.70
16912,45,14,2508.87
15174,344,1,135.75
14895,29,24,11020.26
12594,59,11,3320.22
16387,344,1,94.36
12664,30,10,4863.88
16618,53,6,2630.64
17277,249,2,1065.35
188,32,24,53977.45
14692,159,5,582.05
17889,234,2,201.37
17644,23,17,2768.98
17714,342,1,153.00
12916,160,5,2921.15
17769,34,12,3920.08
13659,219,3,1540.65
15167,342,1,158.80
15443,23,8,3188.84
14224,132,4,1009.73
13742,38,14,3079.27
17673,23,7,1588.07
12727,32,9,3947.70
14368,341,1,155.00
15497,39,3,1259.70
12559,332,3,536.21
13819,323,3,1140.35
14782,341,1,200.10
17861,25,9,2056.28
14439,341,1,2661.24
18161,32,6,1612.79
18136,85,4,761.83
12693,142,6,830.96
12625,233,3,2614.32
13396,43,4,1325.29
12935,24,8,2156.45
14541,80,8,1453.35
13551,341,1,91.80
12421,37,5,806.27
15797,135,4,2207.40
15222,340,1,585.00
13615,334,2,399.99
13158,116,4,1201.06
14257,73,6,3087.27
15218,32,11,5756.89
14534,24,25,4025.60
15967,45,2,397.68
16757,340,1,106.83
12854,100,5,1280.90
13815,44,5,4014.91
18277,80,2,97.63
14389,30,5,999.72
15339,88,3,557.57
12744,73,10,9120.39
16222,340,1,773.55
14341,67,9,2151.08
13168,58,5,1290.54
16943,233,3,816.73
17515,53,4,639.02
14248,340,1,302.58
16133,25,46,14305.66
14548,172,2,652.80
15812,129,5,1801.14
13837,233,2,266.59
17118,339,1,157.02
14616,264,3,406.08
14233,65,5,1447.51
16714,240,4,879.06
12591,339,1,452.85
17786,107,2,266.85
16124,338,2,187.15
13754,173,2,282.60
15227,58,5,1219.40
12997,44,7,1197.94
15215,66,6,615.99
16918,71,7,1043.34
16882,88,3,705.12
14442,23,5,1544.62
16496,30,4,1562.22
12764,338,1,1693.88
17311,100,2,1384.85
16949,25,7,1161.27
12645,55,5,1755.38
12468,165,3,724.04
16767,52,11,5575.56
14738,61,9,1289.94
14239,65,13,2323.50
18125,51,5,1130.10
13328,338,1,1308.48
15549,99,4,1643.96
15864,44,8,1769.78
14662,50,4,741.37
12574,337,1,218.45
13552,88,16,3539.53
12853,129,9,1881.70
13538,65,7,1280.85
16755,136,5,1463.23
14133,151,5,590.34
16523,23,28,9295.67
14659,30,12,2456.53
13141,106,6,2385.80
15365,47,9,1330.45
17329,36,2,523.11
16897,321,3,213.03
15579,90,2,327.60
14595,41,6,1740.60
13161,335,1,112.75
15415,335,1,559.61
17431,335,1,403.30
17463,38,6,1860.81
12528,31,8,1922.28
15448,334,1,494.64
17314,46,11,2514.76
17373,62,4,646.92
18145,34,4,2861.55
14467,39,4,596.26
15144,30,18,6530.04
14776,73,13,2195.58
17619,334,1,214.37
12778,41,7,804.23
17256,129,2,240.00
106,26,11,2852.00
17147,44,6,1679.64
13881,25,22,16989.52
16612,54,4,1187.66
14627,333,1,-21.85
17356,333,1,178.22
12477,44,9,13117.01
12836,81,4,2610.36
13939,45,4,556.75
16745,108,18,7157.10
13494,333,1,316.26
12929,144,2,105.10
16419,134,7,945.96
16515,74,5,1624.14
12373,333,1,364.60
12775,39,6,1351.24
14549,333,1,289.24
15981,46,8,3408.48
17376,92,2,203.20
16716,288,3,319.80
12676,46,6,1331.39
15971,39,12,4199.85
14665,82,7,1258.38
14457,332,1,113.64
15589,274,4,456.58
14411,332,1,1063.00
15226,332,1,154.41
16156,30,13,2994.62
13728,58,6,1016.14
14127,144,3,709.71
16378,269,3,362.95
13894,44,5,535.97
13824,54,5,1698.94
14188,30,10,2018.91
15421,80,4,950.36
17446,198,2,120.90
12414,239,3,562.41
14798,74,3,173.74
16992,32,6,1601.86
17337,173,7,1897.51
13873,141,4,381.70
17362,261,2,312.23
13394,23,10,2312.80
16333,29,22,26626.80
17672,65,4,3106.62
12464,32,8,1212.05
13581,331,1,118.00
13539,107,4,605.84
15885,114,3,379.35
14497,323,2,457.47
17334,323,3,306.60
13871,44,14,6389.80
16938,30,5,1878.43
12754,257,5,2949.12
17929,33,5,834.50
14778,149,2,730.86
17517,330,1,153.94
17226,330,1,393.49
13137,32,9,3557.96
13725,71,11,1809.81
12842,92,2,1118.99
17291,330,1,550.80
15199,81,4,1268.70
13911,79,9,2580.91
14194,26,32,11216.75
14842,57,8,2456.80
13584,328,1,142.40
14438,328,1,131.90
12956,328,1,108.07
15781,47,4,333.56
17613,44,17,4494.77
13334,104,3,3502.32
13955,176,2,322.96
17162,50,11,1707.21
17774,118,5,1203.78
15577,173,3,258.88
16332,50,8,1572.80
14475,93,6,799.82
17859,326,1,141.92
12576,57,6,1306.98
15753,326,1,79.20
12599,51,7,1032.58
14562,25,22,4676.62
16951,145,4,1262.75
16998,171,6,287.02
13133,295,2,109.80
17881,326,1,133.35
15843,325,1,118.95
17537,51,2,887.67
12462,24,4,1124.01
17843,325,1,205.48
17686,29,7,5739.46
14431,320,2,423.26
12561,324,1,238.85
14465,268,3,1038.44
12857,232,2,1106.40
16425,324,1,302.70
16842,86,4,1260.44
15796,23,10,2663.66
14555,79,2,312.54
15114,52,10,2760.56
15133,149,3,982.42
187,24,7,4255.78
12897,226,2,216.50
17512,50,11,2920.04
14676,53,8,2543.24
18159,323,1,530.15
15638,323,1,-94.00
12943,323,1,-3.75
13875,75,5,1786.79
184,38,10,5987.29
17282,152,3,1685.46
16434,51,7,1511.80
13171,30,5,426.81
17472,213,3,697.54
17255,62,2,291.48
17667,88,5,2055.51
14631,72,3,1006.98
13381,43,7,3626.81
15236,320,1,321.05
13475,213,4,1431.78
17829,320,1,889.24
13717,54,7,1432.26
13157,71,5,1721.57
14644,31,4,780.46
12993,45,4,414.76
17571,72,4,1425.67
16979,25,8,1809.05
16738,319,1,3.75
15122,107,6,1612.13
17612,75,10,1992.76
17348,36,5,1156.60
13893,319,1,821.10
13623,52,7,652.40
14346,142,2,1021.58
16431,235,3,623.28
12616,107,5,657.25
16317,141,3,1341.65
14935,319,1,1784.71
14477,41,5,1307.81
14897,29,4,1366.38
14386,318,1,142.40
12455,95,6,2466.86
12653,170,2,2209.85
16126,51,4,6287.77
13414,155,3,1390.50
12823,96,5,1759.50
12352,58,11,1545.41
12372,93,3,1298.04
16494,318,1,826.53
14959,81,5,684.97
16148,318,1,76.32
17422,38,10,1853.13
17175,66,5,1430.94
18257,61,12,2265.38
12362,25,13,5154.58
13718,268,2,306.55
15382,36,8,5927.86
14754,66,2,638.05
13151,225,2,1250.37
12654,32,5,601.98
15785,51,8,2303.75
18138,317,1,152.65
14379,66,2,348.10
14211,75,13,2208.30
14371,317,1,100.50
13425,130,3,1624.21
12852,312,2,299.75
15228,88,5,3376.96
16182,94,4,6617.65
13489,127,4,449.52
12714,31,5,4708.86
15755,23,8,2318.88
13932,316,1,307.40
13799,138,2,688.86
13951,198,3,674.45
16765,316,1,34.00
18172,36,25,7490.17
16566,37,6,614.01
12891,207,3,331.00
16466,55,7,1595.96
16115,31,8,1660.88
14162,195,2,289.36
13744,117,2,1080.52
12988,314,1,505.82
17323,37,9,894.44
15129,72,11,3447.40
17361,71,3,488.20
18155,97,4,347.82
15321,71,4,2663.48
13477,59,8,1441.53
15146,186,3,1313.66
12365,313,3,320.69
16441,89,2,381.20
114,24,28,5490.76
17994,143,6,626.09
15722,57,6,2169.86
16349,312,1,53.50
16913,312,1,113.44
18114,312,1,220.10
12845,289,4,354.09
18188,37,4,1998.49
16573,95,4,648.41
13421,62,3,1831.61
18196,117,2,686.63
13285,45,4,2709.12
13184,36,12,1616.45
18151,156,2,653.35
17499,311,1,622.88
15397,311,1,94.00
14276,110,5,1019.39
13453,187,2,356.98
16394,72,9,1412.06
17711,32,2,385.10
13865,80,4,501.56
14289,30,6,911.26
13149,36,4,1676.06
15932,26,11,2461.85
16692,278,2,1276.00
17171,311,1,224.91
18231,214,6,2054.67
17139,37,15,10567.87
14513,122,4,438.49
13118,41,7,1125.00
15974,61,8,3429.55
12565,303,2,131.17
12582,260,2,511.36
14231,201,5,822.06
17867,52,8,583.52
15121,72,2,457.72
17117,310,1,116.20
12945,310,1,462.95
16838,219,3,582.90
15543,310,1,127.86
13751,310,1,296.25
15847,60,2,389.27
13851,117,3,2651.46
12633,80,5,2140.63
13345,298,2,377.60
16592,26,19,4073.28
15712,31,5,1072.36
13362,25,5,3085.49
17388,99,4,1259.56
16841,58,7,1774.62
13753,309,1,741.26
13666,82,3,84.65
12361,309,1,189.90
14481,186,2,636.51
13792,88,2,195.55
17663,47,9,1788.27
13973,309,1,264.70
13493,297,2,618.63
13684,307,2,62.13
13261,290,2,944.10
16598,299,2,140.70
14147,71,3,468.40
15951,23,3,669.57
13971,30,11,2702.22
17516,37,5,764.88
14157,41,3,392.44
13636,58,6,941.62
14745,134,6,1167.16
12781,43,5,707.72
15724,223,3,212.30
12458,93,2,947.40
12598,31,9,3002.68
13675,173,2,486.82
14227,48,15,3315.71
16668,37,6,306.72
16667,90,2,567.18
15874,85,9,4330.67
16187,53,17,6841.24
16339,306,1,94.05
13292,60,2,578.94
16427,285,2,241.06
15656,67,4,748.50
12811,282,3,514.85
16518,83,3,480.92
17165,306,1,158.68
17462,73,3,662.94
16462,86,4,102.00
12428,47,12,7877.20
16915,31,6,621.68
15676,31,5,3324.09
15241,88,9,1738.59
12933,46,4,606.28
12679,74,9,1058.67
15319,305,1,204.50
16212,41,3,681.19
15257,303,2,232.15
14656,191,2,291.05
13884,29,6,781.30
12866,305,1,559.12
13166,304,2,414.70
16389,75,5,1362.27
15416,86,5,3974.37
15733,304,1,162.30
16678,24,17,3013.83
12834,304,1,312.38
13722,142,4,2369.16
14934,94,3,1888.84
16128,39,5,1880.22
15622,25,16,3224.53
14473,96,2,234.34
15643,201,6,647.40
16792,304,2,110.38
15636,111,2,724.76
12873,304,1,374.00
17923,304,1,207.50
16217,257,4,259.39
17738,41,5,1863.35
17426,26,7,5022.26
16957,261,2,416.64
16571,25,5,1285.22
14483,171,2,129.20
17856,23,6,1393.79
18218,228,4,606.22
16159,303,1,348.20
17995,303,1,76.10
17374,240,2,495.77
17789,303,1,225.90
17416,51,9,6838.34
17652,47,18,4737.13
13476,200,4,1092.77
12817,303,1,166.04
15393,38,2,231.86
13931,107,3,1230.93
12541,51,3,981.18
13382,302,1,222.99
14447,40,5,1163.23
13557,50,2,584.06
16449,212,3,674.69
12547,219,2,207.80
17325,302,1,96.80
14995,60,2,231.98
16414,43,2,126.25
15681,40,6,946.36
15675,103,3,323.69
12584,25,18,1893.95
17535,302,1,164.40
14499,48,3,808.44
18211,47,5,600.07
15572,26,7,2533.42
14247,300,1,136.77
15554,299,1,217.20
14915,107,3,258.83
16136,81,3,709.38
12614,299,1,315.60
13344,89,3,2511.69
16621,73,4,813.48
16225,66,5,1096.32
14214,52,7,1000.23
16356,219,4,210.32
17654,299,1,117.55
16517,299,1,162.70
14817,222,2,1110.34
16242,30,8,3574.91
15869,299,2,149.64
17817,26,3,387.68
15234,298,1,197.00
15764,103,10,3245.47
15819,71,4,1905.45
14586,249,3,134.16
15944,298,1,325.10
16917,298,1,391.52
12758,138,2,2791.59
13975,53,7,2438.19
12623,298,1,305.10
14367,30,19,9134.12
13373,82,3,3312.25
16712,31,11,3611.31
17639,298,1,108.50
16426,24,10,1863.76
16495,25,3,648.26
14336,38,4,1614.91
12759,74,3,1531.44
14645,178,2,597.09
14112,44,12,2774.17
12881,297,1,298.00
17864,34,3,554.85
14936,31,9,8117.42
17138,297,1,380.50
16572,149,4,999.70
14165,297,1,120.44
15367,79,5,1867.69
14291,23,12,3873.30
15632,37,10,3147.31
14297,39,6,1284.06
13899,38,2,388.52
16471,296,1,223.95
18183,240,6,600.52
18173,108,4,2106.84
14854,100,8,2730.09
16625,296,1,333.08
14727,296,1,268.58
16778,96,2,245.94
16475,110,4,544.30
13265,75,5,2092.66
18149,72,3,612.08
13654,65,6,2707.33
16652,75,11,6654.26
16766,295,2,1145.60
17164,54,8,2466.40
13226,295,1,108.21
14352,179,4,1078.96
17351,58,3,587.15
16768,69,5,458.04
16693,90,2,477.86
13956,27,5,1019.27
15918,212,2,334.23
15671,40,10,2635.49
14962,292,1,126.70
15125,47,23,11117.05
16871,44,7,2761.49
13452,281,2,590.00
15493,54,7,1918.86
15388,292,1,140.54
13499,39,7,1146.96
14193,89,2,853.39
17542,291,1,170.75
16392,291,1,217.89
16214,192,3,1062.75
13716,291,1,138.28
14226,50,7,2184.24
13121,291,2,254.73
16297,234,4,275.40
12994,26,5,902.22
16152,290,1,1829.04
14636,58,2,609.85
15793,31,4,948.96
13358,290,1,439.03
12849,53,2,1010.29
15182,176,2,622.85
13299,290,1,142.50
16383,96,2,643.76
15381,235,2,596.85
12597,41,5,3683.13
12435,101,2,7829.89
12955,23,14,4734.26
18189,99,3,1084.34
13946,101,3,561.57
17716,44,12,5505.79
13185,289,1,71.40
13216,289,1,333.74
13533,204,3,269.09
13268,39,15,3127.70
15433,101,3,417.87
12937,37,4,1504.27
16216,289,1,914.93
16377,289,1,676.20
16976,289,1,251.52
12514,289,1,1017.68
13631,121,12,3021.77
14422,22,6,4263.64
15648,226,4,582.05
17725,38,14,3371.13
15861,34,9,2981.92
15695,288,2,409.98
16672,24,23,8093.59
16511,43,3,918.33
16256,279,2,732.63
13591,86,3,1117.13
15483,183,4,225.26
16626,22,20,4379.65
14315,43,7,2456.98
17921,86,4,820.23
17133,37,7,4892.24
12878,40,3,841.64
14155,288,1,118.75
14633,288,1,344.90
12948,38,8,2053.70
17134,128,2,413.20
17795,201,2,342.83
16444,68,5,638.77
14232,53,8,2043.93
14693,286,1,172.90
16728,68,4,1048.28
196,26,46,59502.66
13985,26,16,7024.53
13592,57,4,247.96
12843,87,9,1680.76
15445,286,1,113.50
15452,51,3,528.48
14223,114,4,975.23
16619,275,2,204.41
14762,285,1,300.52
13934,285,1,922.10
15669,62,5,677.69
16384,111,2,584.50
18224,285,1,158.95
14245,198,5,1677.48
17678,285,1,298.11
15855,158,5,712.24
17763,285,1,15.00
13262,285,1,200.29
17152,216,4,1503.50
14632,284,1,114.56
14875,31,5,1448.72
15132,40,5,977.93
17272,64,5,2144.53
16135,284,1,517.55
12831,284,1,215.05
15437,284,1,200.16
14711,32,12,2809.02
14377,213,2,617.05
16374,88,2,466.73
13196,33,4,1797.78
15457,284,1,237.07
12613,53,6,3218.98
16721,284,1,292.47
12399,141,4,1108.65
17733,60,2,692.19
13239,283,1,329.56
15449,48,5,971.22
13821,166,2,385.64
12818,200,2,1517.88
18191,283,1,207.80
14461,170,3,2103.06
13132,283,1,77.30
16859,128,5,473.14
15245,156,3,2515.84
17486,283,1,396.87
12564,283,1,456.90
13249,114,3,711.41
15644,188,4,803.54
17966,59,5,1098.43
14129,23,5,1123.86
15651,58,3,646.30
13341,282,1,775.85
13512,282,1,251.21
17698,282,1,154.95
14267,172,7,1279.09
13736,27,3,721.90
14235,32,6,3093.86
16769,282,1,361.54
17754,22,6,1632.31
15178,282,1,40.50
14348,282,1,409.57
15815,85,5,2100.60
13695,53,15,2504.13
17979,57,5,712.51
13139,38,8,5055.79
12545,97,2,1000.39
14758,166,4,1484.06
14536,281,1,170.95
13662,107,7,862.58
17946,255,2,149.58
13743,24,8,1340.15
18273,24,3,204.00
17625,40,4,2020.40
13357,279,1,609.40
16777,102,2,222.62
14476,279,1,193.00
16245,45,5,1352.36
12669,172,4,1607.73
12792,278,1,400.54
17765,180,3,367.63
15249,53,15,6657.36
15624,138,4,588.13
17749,200,2,674.52
14538,86,2,388.25
14851,45,2,511.35
18177,53,7,1313.62
14128,82,2,637.50
17874,207,7,658.26
17719,59,18,5367.80
17931,156,2,408.36
17398,136,3,653.38
16253,53,3,3665.62
13439,277,1,283.71
12888,236,4,313.77
13588,37,13,2445.12
12456,66,4,3153.89
15521,58,13,2574.65
15674,95,8,1744.02
17594,107,2,993.18
17775,276,1,56.40
13988,41,9,4098.80
16657,31,4,874.43
15424,276,2,383.34
13316,59,5,5570.69
16788,145,2,594.39
16584,102,3,908.03
15364,117,2,913.19
14272,95,2,437.96
15832,276,1,836.79
15528,276,1,229.33
16398,166,4,1631.15
17438,269,2,378.30
16386,50,2,302.57
14818,95,3,657.80
13571,34,12,2088.94
12619,38,13,3214.81
16698,248,2,1998.00
16681,94,6,1770.34
13573,72,2,290.25
14957,275,1,58.49
13918,71,2,1212.84
17212,275,1,226.85
17781,181,2,188.02
14886,274,1,364.80
13626,274,1,257.23
13462,205,2,143.25
18263,45,4,1211.08
13841,274,1,85.00
12949,52,10,4143.02
14852,80,6,2836.69
12569,24,35,4064.99
13169,85,2,712.88
16162,274,1,37.40
15691,274,1,136.80
14195,223,3,962.70
13781,272,1,127.84
17758,41,8,3408.20
17669,64,7,3406.72
16142,271,1,535.34
17648,82,5,1789.55
16224,79,4,1295.30
15223,247,3,454.90
17886,53,3,869.28
13294,211,2,873.74
15289,51,4,935.10
18185,271,1,304.25
17956,271,1,12.75
15756,83,4,528.01
14747,269,2,294.30
14719,23,6,1571.89
115,25,14,6905.32
16586,270,1,463.95
14546,26,9,2482.86
15442,270,1,594.00
14535,81,4,2831.74
15244,87,2,631.57
16696,157,4,657.90
15145,26,4,1194.73
17492,270,1,374.57
13525,36,2,628.78
17783,94,2,283.47
13863,267,2,299.56
13515,94,4,891.12
15917,269,1,123.10
14964,269,1,206.21
13771,86,5,2631.70
18272,24,7,3064.78
16144,268,1,175.20
13731,241,2,610.59
14912,38,3,841.52
13752,146,6,1175.38
13892,48,4,632.97
14446,22,4,1010.35
15754,72,4,455.67
13712,268,1,228.84
16469,45,4,625.42
14981,268,1,102.12
17928,67,2,212.54
16261,39,4,728.54
17883,25,4,664.34
14619,261,2,379.51
13995,37,6,1383.49
16643,267,1,487.51
14246,132,3,1474.06
16837,53,12,3167.73
15119,267,1,266.40
16325,66,5,510.54
14924,267,1,310.05
16623,267,1,129.45
12999,218,3,455.88
12717,173,3,980.98
13962,43,2,169.55
14958,169,3,483.73
13562,103,3,1799.33
15775,267,1,104.90
17268,129,4,763.64
13548,118,2,678.16
12447,265,1,476.49
13232,34,7,1328.35
18129,265,1,112.55
13632,46,6,2114.68
15665,190,2,2222.21
15655,255,2,511.32
14286,45,5,4595.81
16188,66,4,981.86
12656,39,8,3982.72
15214,23,8,1661.44
17574,264,1,185.65
15737,36,12,1121.21
14311,247,2,229.71
14339,256,4,289.91
12982,261,2,377.20
12596,73,2,618.27
14273,73,4,559.97
12363,131,2,552.00
13549,47,8,916.12
15414,31,3,774.90
14628,113,2,671.96
14326,256,2,166.85
15935,261,2,416.86
13655,136,2,932.97
13577,47,5,1658.30
15251,31,15,10327.11
14111,36,5,688.60
16172,117,5,1140.21
17972,263,1,135.19
12463,68,7,1303.63
14844,85,4,3189.81
17278,263,1,246.04
15212,261,2,88.95
16729,58,26,7041.69
14998,192,2,414.87
13484,263,1,313.80
16697,263,1,112.75
14931,26,6,964.68
18236,51,6,882.24
16454,66,3,-8.15
15134,36,8,1387.99
13544,61,2,276.06
14262,30,8,2618.23
13134,94,7,1740.63
17589,82,4,2404.17
13122,116,2,922.39
16966,30,10,2148.47
17746,256,2,98.80
16175,116,4,1037.59
14834,39,8,1698.35
16348,54,7,1415.65
15147,240,2,608.65
16131,73,6,3506.54
15813,229,2,1303.91
16933,23,5,530.08
13772,55,3,1122.63
16249,74,5,1800.07
14198,26,7,663.50
13989,87,2,1266.08
14154,261,2,1345.62
14482,40,6,2022.81
14163,109,4,2445.91
17142,261,1,579.00
13811,205,4,591.75
12457,80,12,1917.78
15135,255,2,127.15
13952,233,3,3246.09
12769,260,1,1143.60
13516,43,3,1389.41
14323,136,4,574.26
12639,260,1,486.10
17367,260,1,167.55
18213,258,1,232.48
15985,145,3,1037.42
16193,258,1,314.45
15172,30,5,1624.05
13692,46,5,1466.87
15745,30,6,1071.24
17582,258,1,175.27
13474,258,1,226.84
17697,258,1,338.95
16639,47,4,1169.38
16947,257,1,406.48
15491,117,7,3090.85
16617,257,1,151.85
15265,173,2,1506.12
16226,225,3,255.12
109,34,12,3159.76
16399,41,2,408.02
14623,54,6,866.80
15625,122,8,1504.56
16628,51,6,2183.04
13647,31,5,1640.22
15594,37,6,1767.53
13479,220,3,291.00
13735,46,8,2764.48
13376,121,3,1019.76
15717,256,1,150.30
13719,37,5,1041.68
16633,39,7,2878.15
15225,256,1,409.40
14152,97,3,611.09
12733,256,1,383.95
15436,34,3,1067.75
17217,256,1,113.50
17734,75,3,700.63
14148,255,1,157.20
14626,30,7,2757.07
14868,25,9,2939.64
18246,45,2,596.10
13485,255,1,454.24
15517,255,1,267.03
17115,30,5,806.90
16611,208,2,120.99
15912,200,2,264.62
17588,122,3,1240.20
14759,26,3,1625.97
16185,38,2,529.41
13389,33,3,797.96
12354,254,1,1079.40
17631,23,3,528.33
17718,254,1,139.35
13223,222,2,163.20
16146,179,3,734.13
16587,254,1,225.15
12622,254,1,180.10
13482,254,1,184.64
14512,209,2,275.28
16834,249,1,413.46
16942,34,10,1878.51
16823,249,1,358.38
15237,23,4,1412.32
12573,249,1,160.54
17854,207,2,311.26
17436,23,2,216.30
16965,248,1,201.19
15891,248,1,511.68
17187,248,1,203.95
13637,74,3,804.30
17991,247,2,93.35
16418,66,3,631.12
15768,137,4,581.83
16637,54,5,1124.59
15143,247,1,259.45
13229,247,1,160.95
14973,129,3,1314.45
14271,247,1,112.32
15952,55,4,781.91
16227,241,2,308.32
17893,247,1,107.21
15376,62,3,1221.56
14655,25,5,1930.15
17615,152,3,329.60
14149,234,3,259.43
14191,23,14,4660.01
13282,40,6,1047.84
15582,46,3,682.91
18146,162,2,160.35
15976,187,2,427.64
17443,241,1,534.24
12886,89,3,1351.09
17974,46,3,703.99
13524,62,5,680.18
17955,220,4,557.30
15128,82,8,1419.54
17394,241,1,203.87
14173,32,4,450.84
16258,67,5,5203.51
14948,45,7,1066.57
17384,41,2,336.40
13762,226,2,-0.00
12593,130,3,418.10
17429,142,4,512.12
13711,240,2,252.06
14515,39,6,2076.89
16457,240,1,208.36
17527,75,6,888.86
14199,240,1,185.40
13888,141,2,595.67
14423,240,1,265.20
14697,240,2,188.61
17522,23,5,1070.71
13867,53,3,1005.09
17624,36,2,843.48
14393,240,1,67.95
17578,212,2,124.74
17423,67,4,663.63
18241,31,18,2058.09
15668,239,1,76.32
16319,239,1,404.40
15757,87,2,714.42
17174,239,1,59.90
13365,30,3,2191.22
18227,239,1,93.75
14145,68,5,3148.20
18235,93,3,1796.48
13741,93,4,666.33
12394,85,2,1272.48
16832,206,3,199.15
15258,190,2,623.16
15552,239,1,90.12
13723,239,1,199.85
15561,33,5,722.74
16121,79,2,854.66
18142,173,4,1014.90
13642,237,1,312.28
15117,36,6,1550.13
13561,237,1,141.86
16232,54,5,983.23
13835,47,4,834.57
13427,41,3,582.60
14353,237,1,90.60
16756,236,1,239.40
13492,158,3,1269.84
12355,236,1,459.40
17723,149,6,3276.40
14699,236,1,109.13
12821,236,1,92.72
16357,55,3,658.88
18242,94,4,2232.49
15865,62,3,895.13
17597,235,1,2044.37
14397,22,23,2556.68
13242,134,3,270.40
12684,29,7,2283.63
14288,234,2,413.85
12592,114,2,437.60
14591,37,4,1320.21
12749,25,8,3868.20
14691,52,5,2114.33
16229,109,2,1010.60
17489,80,2,376.64
15729,220,2,62.00
16644,199,2,833.78
14731,69,3,380.02
14277,37,4,3928.80
15187,23,18,4670.08
18133,233,2,715.50
17664,40,2,604.64
14649,26,4,1402.59
13235,233,2,101.17
14883,40,7,756.64
12976,233,1,738.60
14681,93,3,498.95
14421,79,2,813.11
16116,227,2,592.88
14988,233,1,334.54
15489,44,4,1090.03
14364,130,8,3717.35
16184,86,7,1155.54
17932,51,3,1331.57
18221,44,6,1033.31
14853,30,3,463.05
17658,32,3,485.88
17764,72,2,772.55
14651,89,2,653.75
12757,37,19,4205.25
15826,73,4,1649.36
12695,29,4,582.10
14342,43,6,607.71
14873,232,1,519.68
14689,230,1,112.80
15333,230,1,1028.56
16283,27,7,1531.51
17263,230,1,63.44
16877,34,6,846.62
12674,33,7,1922.26
16642,26,3,679.83
12871,106,2,380.64
14489,229,1,463.38
14888,229,1,369.20
13456,39,7,1737.82
17898,107,2,152.06
13976,228,1,357.98
16139,40,3,635.41
16266,95,7,861.89
15123,29,2,2199.31
16446,22,3,2.90
17556,227,1,157.90
14583,27,5,986.96
16818,32,13,3317.97
13572,227,1,1384.25
13258,33,3,672.83
14463,120,3,529.62
13192,117,2,911.94
16987,25,7,1616.80
13417,26,2,640.83
15116,39,4,1352.75
17469,38,6,1843.06
16647,191,2,214.06
17245,226,1,171.45
17871,226,1,155.90
13529,100,2,307.76
15599,48,2,761.74
16813,30,10,1652.18
14859,34,5,1352.04
16463,43,7,1383.70
15791,65,3,1604.44
13658,31,7,2421.47
13887,226,1,349.55
12353,226,1,89.00
14551,40,2,186.23
17166,60,3,189.49
17926,155,2,397.29
13391,225,1,59.80
17455,225,1,131.70
13856,190,5,363.40
13243,225,1,585.12
18287,64,3,1837.28
13555,95,4,4098.88
13972,92,2,190.25
13227,223,1,257.70
13657,32,2,382.14
17176,223,1,306.13
14837,111,5,1641.20
14682,209,2,52.00
14921,52,2,1316.07
16341,46,6,1959.38
14647,223,1,236.04
15292,223,1,178.39
13339,222,1,860.12
13885,211,2,506.80
13546,34,3,621.09
17715,222,1,326.40
15434,30,6,997.48
15734,136,2,1339.45
13737,222,1,339.60
13213,78,6,1518.43
15314,221,1,327.97
17521,46,4,721.96
12863,74,2,504.20
14593,43,3,617.15
14287,30,4,151.23
16763,207,2,594.90
12562,30,7,3781.74
12815,169,2,1063.46
14522,46,4,974.54
16448,220,1,182.99
14584,191,5,1020.06
12974,219,1,144.80
12987,95,3,545.00
14816,219,1,271.85
15852,208,2,160.71
16624,102,2,810.57
12493,187,3,416.79
18232,103,5,582.47
16369,40,3,1545.41
13135,218,1,3096.00
17345,37,4,519.69
16275,218,1,559.87
14338,180,4,554.22
12876,79,2,2218.02
16323,218,1,207.50
12426,216,1,582.73
14451,82,2,643.90
14823,202,3,321.43
15897,216,2,208.59
15925,216,1,207.15
12787,31,3,463.66
15863,47,2,68.84
16483,214,1,139.35
13398,214,1,457.34
14819,86,2,272.07
15163,40,2,304.47
15124,44,2,184.19
12473,51,9,2837.73
16969,61,3,650.41
14597,33,2,866.24
13917,71,2,272.04
16484,195,3,379.40
15184,51,2,402.20
18135,51,5,681.91
14453,212,1,119.93
13437,36,7,3408.06
12517,50,6,2443.65
16529,212,1,455.25
17531,142,2,293.45
16239,78,3,372.90
16117,211,1,232.21
13248,146,2,465.68
16967,211,1,319.02
16659,211,1,39.12
13435,27,9,3794.49
13131,45,4,1039.30
14891,170,2,554.38
16682,26,5,1028.00
15453,23,7,1371.77
16963,209,1,110.55
13682,209,1,59.50
15152,31,16,4684.24
15462,116,3,234.60
12449,44,4,4067.29
15349,180,2,463.91
16849,208,1,124.57
16298,44,3,598.20
12535,113,2,716.35
18248,135,4,783.02
15386,208,1,394.14
17252,138,2,348.91
14542,207,1,103.25
16825,60,2,775.18
13643,53,3,519.44
15969,24,4,582.90
13283,81,2,93.66
14375,207,1,235.56
17124,207,1,294.24
17987,207,1,198.57
13395,207,1,307.72
17828,30,9,1599.97
15743,38,4,775.96
17414,65,2,778.00
14622,206,1,320.58
14561,97,3,1080.76
16872,99,3,680.02
16358,23,5,2024.95
15238,51,5,1056.54
13466,122,2,297.95
14241,205,1,213.70
14132,24,12,3580.13
14963,31,5,1472.34
17169,72,4,816.88
15252,58,2,740.78
17731,101,5,878.20
16113,205,1,161.38
12694,92,2,869.67
17483,87,3,414.04
15679,46,4,781.28
13686,204,1,72.00
16581,177,2,70.44
15267,44,5,1717.36
17234,204,1,149.89
17797,44,3,780.43
16614,204,1,506.19
15411,48,5,1336.43
14178,30,7,1600.26
18281,202,1,80.82
14984,41,2,202.37
12516,99,2,1312.06
17265,160,2,550.01
13617,62,3,544.18
17242,130,2,1135.04
17289,53,4,922.77
16794,23,12,1175.30
13761,72,2,1070.65
13517,81,5,2109.07
13936,193,2,361.28
16342,97,4,322.41
14177,106,5,544.51
12732,201,1,236.26
13589,36,2,379.65
17579,26,4,440.20
17349,201,1,98.25
13663,201,1,189.47
16774,89,5,654.92
13384,52,9,4122.28
14997,68,4,540.98
17155,39,2,251.70
16461,199,1,142.92
13343,194,2,303.93
12624,128,2,641.13
18165,199,1,302.46
17536,199,1,76.50
16324,150,3,408.59
17651,33,14,3886.67
14222,199,1,683.17
15585,198,1,455.30
16739,194,2,312.55
16276,198,1,810.60
17193,57,9,1674.46
16257,198,1,46.95
14285,43,4,1910.01
17642,141,2,712.29
12816,117,2,572.20
13826,180,2,174.65
13575,45,5,732.07
17157,29,3,306.55
16852,32,2,144.91
15219,198,1,305.75
14765,51,3,254.11
16869,44,5,797.32
13618,195,1,177.34
17879,195,1,178.52
17562,36,8,1107.38
15334,178,3,350.82
13568,195,1,187.05
16744,33,7,1291.91
17299,33,4,656.61
12837,195,1,134.10
17444,169,3,2940.04
15921,194,1,323.03
15747,34,3,946.64
15825,194,1,532.94
12432,64,5,5059.32
15389,194,1,500.00
17159,43,4,1534.73
18252,72,2,518.27
16526,193,1,290.36
17695,153,2,765.34
12444,43,5,5005.46
15412,193,1,190.53
13763,85,3,1689.46
12798,32,3,6977.04
13849,73,2,1537.95
16114,192,1,135.75
17877,192,1,237.61
16247,192,1,114.56
12379,103,3,850.29
16287,191,1,142.50
12919,30,8,1301.44
15253,38,6,915.30
17759,39,3,819.96
12465,29,3,733.89
12412,96,3,1226.88
12697,43,5,939.02
13937,191,1,158.85
12615,24,4,2291.19
15186,36,2,411.41
13791,65,3,1047.68
14795,188,1,131.45
17768,30,3,2081.90
18112,34,2,352.69
12548,188,1,95.20
17386,29,6,2686.42
13895,43,5,2588.12
16545,186,1,339.30
16671,50,3,1692.27
14351,186,1,51.00
17391,185,2,508.80
16824,37,2,460.64
17997,96,12,1503.09
14383,60,3,1247.69
13461,60,3,1445.00
15537,185,1,110.92
14327,185,1,311.65
17837,64,10,1508.38
12424,184,2,1760.96
15578,184,1,127.10
15584,45,5,718.36
13745,173,2,291.54
16498,183,3,86.12
17891,184,1,203.86
17123,183,1,345.30
16866,162,3,207.74
16589,93,3,459.24
12922,183,1,405.38
17939,181,1,99.14
17312,160,3,644.30
13833,181,1,383.85
17899,181,1,154.55
17464,180,1,289.96
18265,94,2,801.51
16344,180,1,101.10
13338,176,3,431.82
16616,37,2,500.42
16338,179,1,214.80
16829,178,1,197.22
13217,144,5,133.62
12977,178,1,39.24
13291,177,1,361.11
13583,177,1,781.03
16929,25,7,1295.39
17892,78,3,244.10
14459,177,1,1837.92
13681,39,4,827.83
13699,177,1,308.58
14493,29,7,2362.84
13486,100,3,1122.41
12635,111,2,1689.18
12461,116,2,826.88
12648,176,1,318.05
18121,171,2,653.30
14918,137,2,1610.15
17353,151,2,1740.00
15467,31,4,511.88
16174,148,3,1009.55
13678,173,1,232.60
14552,173,1,164.22
12556,72,2,599.56
13224,82,3,2150.85
16989,29,6,1133.25
12358,23,2,1168.06
18122,30,6,1793.06
12722,107,6,904.33
13311,26,2,598.57
15895,171,1,179.17
15795,171,1,610.01
13669,72,2,218.55
13667,171,1,299.05
14265,131,2,530.18
14847,170,1,309.40
14862,47,2,841.20
16488,55,4,492.20
15256,170,1,98.45
14716,65,2,307.51
13933,131,2,608.79
14857,81,3,1165.65
15839,47,5,1020.74
13994,25,6,2274.14
17554,23,5,1952.45
14332,44,3,840.21
17266,24,3,296.58
17948,169,1,358.56
14722,169,1,180.42
13967,167,1,80.70
12833,167,1,417.38
16474,29,11,1750.62
17984,167,1,152.68
12589,50,2,646.68
17448,166,1,-4287.63
16762,41,3,1207.24
15369,166,1,-1592.49
13154,166,1,-611.86
14117,165,1,90.00
13167,40,4,791.33
17779,43,5,633.92
13991,34,7,847.54
13827,79,3,409.80
16764,25,18,2749.95
12521,164,1,599.68
17866,164,2,325.70
17229,118,2,318.76
14456,27,14,3002.51
16464,41,3,1298.66
17962,164,1,102.41
16149,26,2,280.52
14259,163,1,120.00
18143,138,2,1000.16
17935,160,2,145.79
14517,55,2,330.45
17694,163,1,283.12
15623,163,1,301.03
15829,121,2,636.14
15232,135,2,612.06
12438,36,2,2906.85
12627,32,7,4478.53
18262,162,1,149.48
13563,106,2,777.53
12864,160,1,147.12
17724,79,4,995.65
13116,139,2,485.19
17649,156,2,861.74
16178,160,1,197.90
16557,46,2,281.85
13296,159,1,87.40
13814,78,3,1562.12
16364,33,2,705.79
17693,158,3,187.02
15372,159,1,2007.40
15618,54,5,747.03
13379,48,3,572.56
13194,157,1,60.70
16447,157,1,255.91
12397,57,2,2409.90
14331,146,2,462.66
15261,157,1,254.82
13813,61,5,1353.41
18268,156,2,0.00
14855,141,2,645.65
13925,58,6,616.65
18237,24,5,987.10
12453,156,1,707.09
15639,156,1,425.32
15118,156,1,244.80
15746,156,2,182.96
12743,156,2,540.13
15942,155,1,337.44
14143,155,1,115.80
16147,155,1,375.00
13277,37,4,258.40
18127,41,3,347.08
15149,155,1,520.80
14511,33,6,1267.41
12716,25,2,1053.49
15776,155,1,241.62
12981,51,2,372.22
13928,32,4,464.57
14885,153,1,765.32
13388,143,3,627.15
15438,153,1,156.58
17173,27,9,3755.65
17941,152,1,304.56
14947,94,2,290.82
12534,152,1,1089.18
12844,51,2,325.96
14567,57,3,1524.46
14937,78,4,1617.63
12828,24,6,1018.71
16984,100,5,4370.59
17553,151,1,1487.60
15342,138,2,391.76
12644,151,1,477.91
12378,151,1,4008.62
17788,95,2,1117.90
17887,151,1,111.35
13186,61,5,1539.69
15374,150,1,168.00
17656,95,5,1674.69
14972,150,1,114.77
17514,150,1,208.65
12917,150,1,594.00
12689,47,2,1247.61
14768,39,3,139.50
17584,29,3,1227.30
15254,149,1,300.36
13218,149,1,62.64
17267,149,2,317.20
13513,148,1,205.10
18282,29,3,176.60
17298,123,2,498.42
15198,114,2,193.64
12885,85,4,1158.27
17331,145,1,175.20
15247,144,1,356.00
13355,144,1,674.70
13919,75,3,350.16
12384,50,3,566.16
16292,139,2,280.90
12571,61,2,519.61
14116,41,5,1382.74
14495,72,2,123.80
15494,43,2,1280.58
17248,142,1,318.65
17653,51,5,1175.88
13645,142,1,252.10
15469,65,4,504.50
12381,26,6,1803.96
17122,141,1,138.32
15683,139,1,193.75
14658,27,2,247.15
13621,138,1,213.85
16272,138,1,411.70
17958,138,1,508.46
16836,61,2,251.87
16961,138,1,234.17
15315,86,3,551.54
15653,114,2,877.44
13159,30,5,1371.25
13189,40,2,260.68
17637,53,2,547.06
12641,137,1,185.90
15786,65,5,4821.00
15541,136,1,85.13
16734,74,3,646.76
12688,135,1,4873.81
12729,135,1,453.01
12962,29,2,266.39
13273,135,1,138.98
17736,31,4,337.49
15472,135,1,371.56
16582,135,1,313.62
17747,122,2,64.65
12513,106,2,586.79
15396,134,1,288.18
12418,134,1,668.58
16828,115,2,128.50
14712,51,3,917.07
12991,45,2,503.76
14772,134,1,139.26
12364,29,4,1313.10
12968,134,1,135.95
14566,132,1,1432.00
12518,22,5,2056.89
14529,82,3,578.61
16536,129,2,538.17
15313,132,1,52.00
16555,57,2,285.89
16952,131,2,167.61
14387,54,3,1727.60
18147,67,2,179.34
14523,130,1,241.09
14418,25,3,1937.25
12642,47,3,1013.26
16968,26,2,439.43
16723,113,2,576.40
13411,129,1,213.55
13236,46,3,727.27
14196,128,1,335.52
15263,128,1,156.51
14314,128,1,120.00
17844,128,1,51.56
14687,128,1,628.38
16429,128,1,284.55
12715,128,1,343.36
15663,128,1,138.14
180,128,1,150.35
18167,25,6,1355.51
13644,30,5,2597.52
17451,23,10,1648.95
16641,127,1,231.10
13812,64,3,539.00
14141,24,6,879.03
12492,85,2,263.21
17183,29,8,3286.91
15325,125,1,161.74
13778,125,1,178.70
14869,25,3,717.70
12814,123,1,125.92
15866,123,1,211.89
13726,60,2,1079.66
17777,46,3,647.56
16278,45,3,537.83
13276,85,2,590.93
12436,121,1,509.01
13147,32,4,712.80
12739,100,2,1013.04
14436,120,1,89.06
12794,75,2,860.41
12832,54,2,383.03
16674,76,2,304.24
12375,24,3,455.42
16173,37,7,1406.57
14171,120,1,363.79
13434,96,2,534.24
16761,118,1,316.62
12851,118,1,131.81
14335,38,2,454.86
14965,118,2,596.09
15136,24,5,1282.45
16629,95,2,408.63
18261,65,2,324.24
13949,24,6,2427.32
12526,22,3,1316.66
17481,25,5,1249.34
12685,50,6,2863.08
17573,51,4,362.90
14452,32,2,259.05
13889,114,1,416.90
15488,114,1,91.32
18222,114,1,443.00
13244,114,1,121.74
13441,113,1,296.64
13823,40,2,957.66
12879,66,4,552.57
14824,32,4,1127.71
15652,113,1,337.74
16362,54,9,627.29
13272,53,2,276.56
17317,68,5,2524.02
14212,111,1,1070.48
13372,111,1,378.64
18255,111,1,103.30
16796,111,1,305.62
14432,31,6,2248.50
15782,31,4,2593.94
12883,46,4,703.47
12965,111,1,769.81
15533,41,5,746.92
18215,111,1,299.34
18158,31,3,451.75
13375,103,2,772.90
13431,89,2,1269.10
16211,103,2,542.77
12884,110,1,309.05
16141,110,1,620.40
17919,110,1,1304.04
17433,110,1,303.16
14359,41,6,882.58
16451,109,1,266.97
15216,109,1,96.60
15522,54,2,397.99
12822,92,3,918.98
15343,109,1,364.50
14753,109,1,563.15
16959,109,1,117.35
18251,109,1,4314.72
12895,64,3,347.30
12756,108,1,112.08
17728,25,5,2515.68
15933,43,3,1107.46
14284,52,3,578.45
17347,108,1,228.96
12566,94,2,346.70
13321,94,2,567.36
13877,108,1,117.24
15272,79,2,721.94
15322,86,2,602.97
17333,107,1,494.25
13518,107,1,627.16
17679,74,2,1992.11
15573,53,2,591.19
14894,107,1,655.75
17434,24,9,2333.42
15466,107,1,334.53
15511,33,5,900.53
17846,107,1,2033.10
16189,37,2,215.48
15417,107,1,508.80
12995,99,2,200.72
14557,86,2,0.00
17144,23,2,984.57
16924,43,4,722.64
13323,25,5,787.85
14124,106,1,419.58
15975,106,1,371.01
15523,106,1,412.01
16878,46,2,0.00
15947,104,1,1708.24
13247,39,4,501.12
13566,62,2,856.84
18194,86,2,896.00
16689,97,3,303.26
16438,27,5,798.35
13325,103,1,675.30
13774,103,1,345.00
12497,103,1,1043.10
12752,103,1,4366.78
17557,36,3,541.46
13228,103,1,358.00
14356,82,4,666.94
13416,65,2,712.50
17628,103,1,75.75
16527,103,1,228.06
16428,103,1,-2.95
15341,102,1,2020.52
16215,102,1,242.35
14164,92,2,1631.77
15888,101,2,141.27
17564,46,3,454.01
13356,102,1,768.24
18228,72,3,769.20
17415,101,1,507.84
16627,101,1,322.80
17475,101,1,194.37
14951,101,1,311.69
14887,101,1,1862.00
15399,23,3,815.77
17466,32,2,763.28
16379,26,5,2131.90
17172,96,2,313.26
15239,32,3,764.34
16213,100,1,159.00
14261,72,2,1163.45
12657,33,5,1152.06
15571,33,4,650.43
15484,23,5,3559.21
12936,39,5,1012.90
16236,100,1,432.20
16669,45,4,1344.88
15398,38,3,1339.63
14125,32,3,2720.63
17163,43,2,293.10
12952,27,5,1382.84
12579,95,3,410.72
13279,86,2,126.30
12425,100,1,777.20
16715,100,1,301.72
13519,72,2,110.80
12546,68,3,1141.50
15744,99,1,34.80
13127,99,1,259.17
15714,33,2,330.03
15763,53,3,1048.67
16978,99,1,344.33
13336,99,1,795.12
14652,99,1,114.18
15762,87,2,583.75
15475,99,1,454.11
15978,99,1,1098.78
16485,99,1,363.65
12488,31,3,1298.66
16169,30,4,1822.97
17498,97,1,272.22
17131,27,5,2463.17
13536,23,7,3444.39
15429,48,3,364.90
17154,97,1,329.34
16594,97,1,181.09
14757,97,1,420.50
16198,97,1,400.68
12783,24,8,1603.87
13429,32,4,1006.80
15154,96,2,224.73
12925,26,2,694.05
13927,96,1,348.99
13639,96,1,1033.34
15958,96,1,104.35
15492,50,2,659.46
15243,96,1,316.68
16468,96,1,74.90
15344,22,5,476.58
13866,96,1,145.67
12612,79,2,643.59
16999,45,2,484.82
13514,95,1,152.20
13314,23,4,593.51
18278,95,1,173.90
13979,95,1,869.87
16181,95,1,305.54
15568,24,3,758.29
16354,85,2,395.80
14412,57,3,761.33
16119,30,2,423.36
16157,37,4,644.24
15348,94,1,158.04
16281,94,1,2062.06
13924,23,11,1682.08
14434,43,6,1372.80
17513,94,1,513.20
18192,93,1,957.97
17447,62,2,541.53
17427,93,1,100.80
15175,93,1,224.14
17528,23,11,3540.10
16361,31,4,891.21
13886,93,1,243.56
13354,93,1,743.53
16653,38,3,1166.92
16574,93,1,451.44
13759,55,2,659.41
17813,36,7,1641.79
12718,93,1,238.25
15949,38,2,364.72
13364,88,2,0.00
16268,93,2,667.65
15565,72,2,173.16
18217,51,2,621.75
13954,23,3,378.59
15593,92,1,199.80
15287,44,3,485.24
13347,92,1,341.36
15185,92,1,310.62
16613,92,1,618.59
16591,90,1,213.50
15774,90,1,270.80
13558,27,4,594.52
16533,41,5,1014.19
14488,73,2,1047.43
16747,47,4,826.96
14333,86,2,351.45
13635,89,1,1071.03
17321,30,2,657.16
14815,58,2,778.50
16183,89,1,338.71
13297,29,4,2089.85
16881,88,1,432.00
15255,88,1,890.85
14184,88,1,452.89
13351,88,1,373.94
15739,88,1,449.12
12512,88,2,132.18
17957,88,1,111.68
15276,88,1,128.63
15127,87,1,406.53
17666,25,2,728.16
13483,87,1,140.34
16478,47,3,331.00
17382,87,1,65.40
12789,87,1,91.85
17222,87,1,328.65
13947,87,1,90.60
16758,87,1,369.34
12719,27,3,608.10
17647,87,1,133.06
12723,25,5,725.07
13845,86,1,312.98
15837,86,1,391.98
12628,26,4,769.61
13177,86,1,282.45
14317,86,1,508.58
16295,31,4,1328.55
16895,86,1,202.27
17295,50,3,547.00
13422,73,2,2601.55
15264,86,1,393.74
16432,86,1,287.40
13816,45,4,555.04
14518,86,1,174.37
13882,24,6,1131.28
15937,86,1,145.35
12923,86,1,172.82
17453,39,2,486.72
15766,86,1,315.06
13348,86,1,233.76
14592,57,3,557.94
14792,85,2,0.00
14427,72,2,363.34
12519,85,1,330.84
13359,81,2,431.26
14138,23,2,965.88
15297,32,4,635.04
13876,85,1,122.70
13587,53,3,347.00
12856,29,8,2153.53
13419,85,1,221.06
13689,85,1,910.00
13755,25,10,2101.39
13259,83,1,283.18
16248,83,1,152.94
15612,58,2,195.15
15787,48,3,933.26
16595,83,1,360.16
15821,66,2,570.96
16685,83,2,324.24
13193,83,1,112.08
13212,31,4,779.33
16921,83,1,154.18
15193,82,1,499.32
16179,82,1,215.83
15473,36,10,1465.20
17425,41,2,759.17
18169,82,1,202.65
18126,82,1,200.92
16688,23,4,1260.86
16982,82,1,384.06
17186,68,2,144.00
13685,24,7,3119.44
16776,82,1,371.54
13352,29,2,389.28
15553,82,1,428.93
15886,82,1,181.09
17459,65,2,657.30
12772,81,1,892.47
16561,27,2,511.12
14121,25,6,2740.30
12371,66,2,1887.96
17119,25,3,593.61
12824,81,1,397.12
14624,79,2,225.85
16171,81,1,73.20
12536,29,5,4106.82
17934,73,2,704.25
14642,80,1,96.12
16753,80,1,223.92
17737,31,2,168.24
13464,80,1,674.68
12667,80,1,620.13
12498,43,3,403.70
14537,79,1,355.56
17279,79,1,187.83
14251,23,5,2879.70
12446,79,1,1002.31
12631,79,1,640.50
14234,44,4,754.12
14975,79,1,279.94
13853,30,2,1056.94
16773,79,1,171.59
16793,79,1,243.84
17614,79,1,386.32
13858,79,1,216.17
14856,58,3,1290.53
15478,62,2,1399.92
16413,78,1,262.20
16416,48,4,1026.99
17986,78,1,20.80
12454,75,2,-0.00
16243,55,2,409.10
13878,76,1,1271.57
16934,76,2,931.03
15994,76,1,414.27
14547,25,9,3953.95
15113,31,4,3339.51
12475,75,1,723.38
16542,75,1,119.62
16563,75,1,1077.74
13923,75,1,351.13
16412,75,1,135.99
17534,75,1,223.36
15335,75,1,170.22
16737,75,1,417.60
17785,75,1,131.94
16932,75,1,150.23
16363,75,1,109.36
17244,75,1,954.90
15355,51,2,277.05
15598,57,3,235.68
15637,74,1,223.36
16848,74,1,281.42
15678,74,1,352.70
13594,74,1,396.97
15327,74,1,208.75
14861,74,1,125.79
14554,32,4,2279.49
12611,74,1,1193.32
14179,62,2,701.57
14381,74,1,202.68
12572,30,3,1004.72
16123,73,1,307.78
16851,26,3,342.45
17148,73,1,124.88
17549,45,2,148.86
17973,73,1,337.04
15853,73,1,110.80
14698,23,5,1217.27
16826,73,1,341.70
17824,73,1,298.40
12522,61,2,192.72
14799,73,1,157.70
15814,25,6,1842.73
14638,72,1,443.60
17354,72,1,1393.06
13245,72,1,430.50
14923,72,1,749.10
16177,72,1,331.95
13366,72,1,56.16
16284,53,2,812.68
16846,72,1,214.32
14484,72,1,321.92
13897,72,1,311.16
14585,72,1,157.05
17125,72,1,230.50
15836,67,2,117.47
16313,25,2,274.15
14967,71,1,463.80
15286,71,1,240.55
17832,71,1,155.37
12646,26,2,1346.97
16311,39,2,616.26
15728,71,1,-134.80
13974,71,1,413.59
15677,71,1,657.23
13471,23,4,2501.84
13598,69,2,147.29
15427,55,3,1430.54
17111,69,1,231.61
17836,69,1,110.21
14629,26,3,935.46
15592,68,1,388.58
15277,68,1,255.90
16491,68,1,731.50
15516,66,3,62.43
14764,65,2,250.55
16742,68,2,0.00
15142,68,1,498.74
17344,68,1,157.62
14474,65,2,537.71
14139,68,1,415.82
15844,68,1,130.74
13176,68,1,481.49
12398,67,1,1635.66
15345,57,2,367.69
15963,41,2,470.76
13182,67,1,121.18
15158,67,1,401.40
13978,36,2,196.79
12812,66,1,229.64
14539,37,2,537.48
17712,66,1,522.91
14598,66,1,221.97
16415,66,1,200.27
12448,66,1,449.45
12827,27,3,430.15
16345,66,1,565.46
15993,30,10,2736.92
17895,66,1,95.45
15948,30,2,955.24
15659,65,1,306.45
18154,25,2,399.19
13363,39,2,992.50
18276,43,3,323.36
17684,65,1,239.41
17878,65,1,379.45
14752,65,1,389.64
16847,65,1,193.44
14971,57,3,1097.98
17545,65,3,642.32
16513,26,4,874.59
14357,65,1,225.12
16855,45,2,328.40
16648,60,2,270.86
16164,39,4,802.53
14218,64,1,169.48
14416,44,2,490.22
17839,64,1,318.15
12912,24,5,1662.30
13278,62,1,542.73
14582,62,1,114.11
15748,62,1,144.36
14158,62,1,507.66
15385,62,1,316.88
13822,27,2,632.00
15444,31,2,1411.21
12581,61,1,197.71
15667,61,1,301.32
13651,57,2,94.20
12552,60,2,437.82
16127,61,1,656.25
12588,61,1,214.90
15977,39,2,1054.73
13697,60,1,151.30
14345,60,1,108.98
17495,29,2,497.56
12491,60,1,460.40
14485,60,1,162.80
13868,29,2,3192.54
15423,60,1,43.50
17668,23,2,347.75
16971,24,2,232.21
16352,39,2,494.44
16884,59,2,429.84
14216,25,4,1839.30
15275,53,2,609.19
15576,59,1,921.37
18164,53,2,394.70
14974,59,1,89.94
17947,59,1,176.68
13318,23,3,640.76
13271,59,2,172.37
17595,34,2,386.69
14528,59,1,364.22
17432,40,2,365.76
16337,58,1,151.05
15551,58,1,436.06
16347,33,2,847.45
13721,58,1,524.14
16322,23,2,326.75
16914,58,1,183.76
12544,51,2,355.70
13914,25,3,613.95
13467,32,2,1071.91
17221,29,2,334.48
13447,45,4,1104.23
16318,57,1,328.15
17274,57,1,107.82
15597,51,2,315.72
17233,57,1,190.88
16887,57,1,192.33
13938,57,1,71.66
14882,48,2,589.70
12882,31,2,1463.04
17387,41,2,746.81
13727,50,2,333.48
13532,55,1,210.31
16445,55,1,230.51
15156,23,3,961.49
16372,55,2,355.73
12638,55,1,671.69
14174,55,1,134.46
15883,24,2,396.48
14664,41,2,636.24
15526,55,2,148.44
17831,55,1,35.40
12357,55,1,6207.67
17761,54,1,712.78
17623,54,1,527.05
13673,40,2,387.44
14929,54,1,223.88
16732,53,1,603.75
17219,53,1,114.23
15957,53,1,428.89
18123,46,2,574.44
17313,39,2,2288.13
18216,53,1,481.75
15153,53,1,329.25
16759,29,4,772.84
16751,52,1,1764.72
12893,52,1,176.55
14836,32,3,102.45
12532,52,1,349.83
14968,52,1,147.59
16516,52,1,101.70
13522,52,1,125.80
15986,52,1,168.12
13992,52,1,76.80
14354,27,2,163.62
16986,51,2,1873.20
16953,52,1,20.80
18274,39,2,-0.00
15531,30,2,1972.39
17197,51,1,1013.01
12659,51,1,91.68
17461,44,3,735.82
17791,51,1,106.10
15463,51,1,126.14
17977,51,1,288.14
12617,51,1,352.98
14863,51,1,266.76
12538,51,1,363.95
14789,50,1,197.64
12985,22,3,1215.62
15557,50,1,468.91
16433,50,1,184.26
15692,50,1,191.04
16368,24,2,479.91
13732,50,1,491.86
14661,48,1,107.95
15654,31,2,922.53
13146,48,1,228.91
14788,29,2,679.44
14382,48,1,615.49
14494,47,1,139.56
16936,47,1,261.90
12938,47,1,114.14
15168,47,1,106.56
17538,47,1,98.42
18117,47,1,315.65
15458,47,1,161.64
17566,30,2,869.77
12762,29,2,1898.52
17793,47,1,300.34
14953,47,1,285.67
12374,47,1,742.93
16423,46,1,346.12
15419,46,1,135.86
15758,46,1,205.25
15524,46,1,440.00
14725,46,1,655.58
14666,46,1,195.25
14714,46,1,160.19
17153,46,1,213.78
18181,46,1,366.85
15556,46,1,279.77
17357,46,2,384.39
13449,45,1,291.88
15269,45,1,408.80
14385,31,3,202.11
13926,45,1,223.85
17896,45,1,256.32
17835,24,3,342.24
15432,45,1,171.19
15657,44,1,30.00
17237,33,2,314.69
12847,44,1,843.64
17397,44,2,681.41
17985,44,1,631.35
14362,44,1,151.50
13828,44,1,209.49
15435,44,1,149.29
12445,44,1,133.40
14641,43,1,110.46
12618,43,1,177.31
15621,26,6,1158.77
12391,43,1,439.66
17286,43,1,151.37
15368,43,1,446.94
14793,26,2,214.14
14881,41,1,255.40
16784,41,1,107.60
17561,41,1,165.12
15988,41,1,156.78
17523,33,4,652.74
16666,41,1,118.98
17636,30,2,265.93
13832,39,2,40.95
13142,41,1,307.09
16366,40,1,327.30
12349,40,1,1757.55
12658,40,1,686.05
12795,40,1,430.48
15567,40,1,186.01
15645,40,1,612.01
15857,40,1,297.00
12984,40,1,97.50
17253,40,1,178.26
13739,40,1,216.90
18139,39,8,8393.22
15274,26,2,716.57
15115,40,1,340.11
15699,39,1,309.65
16956,31,2,292.34
15877,23,3,437.83
14424,39,1,322.08
13322,39,1,199.48
17297,39,1,128.18
13986,39,1,320.46
18249,39,1,95.34
15634,39,1,243.55
16376,30,3,965.47
16811,26,2,547.07
12452,38,3,428.57
14581,38,1,138.60
14675,38,1,596.36
16343,38,2,328.58
13638,37,1,122.64
16482,37,1,220.62
12784,31,2,532.82
17458,37,1,316.50
14785,32,2,77.40
17254,26,2,271.19
17767,37,1,271.20
15725,37,1,415.25
17247,37,1,280.09
18184,37,1,49.80
15428,37,1,93.78
17727,31,2,1042.55
14756,37,1,738.96
16856,36,1,35.40
17385,36,1,256.11
12531,36,1,125.22
15872,36,2,316.25
14966,36,1,183.02
17232,24,2,417.77
17468,32,2,137.00
13332,36,1,350.90
14946,36,1,100.90
13256,36,1,0.00
13596,27,2,664.11
14954,34,1,294.85
17885,34,1,156.34
14893,31,2,1237.85
15721,33,1,471.40
17852,33,2,114.34
13844,33,1,361.62
12479,25,3,477.30
17379,33,1,389.72
17359,33,1,127.86
13188,33,1,114.60
13349,32,1,247.32
15619,32,1,336.40
15148,32,1,301.29
15783,32,1,246.30
17772,32,2,173.45
14126,29,4,643.63
16479,32,2,300.83
13428,32,1,201.78
13521,23,3,1071.73
14349,32,1,133.50
12953,31,1,329.85
12966,31,1,160.18
17911,31,1,366.23
16789,30,1,80.80
12558,23,2,0.00
17942,29,1,77.50
12587,29,1,144.00
15539,29,1,538.46
18174,29,1,104.00
13153,27,1,486.22
15773,27,1,635.68
17936,27,1,380.13
16535,27,1,593.75
16988,27,1,126.12
16597,26,1,90.04
14219,26,1,89.94
12367,26,1,168.90
17383,26,1,193.39
12478,25,1,680.99
15992,25,1,41.99
15318,25,1,312.62
17914,25,1,329.36
16528,25,1,244.41
12442,25,1,172.06
16569,25,1,124.20
14578,25,1,168.63
15195,24,1,3861.00
15471,24,1,454.48
13436,23,1,196.89
13298,23,1,360.00
14569,23,1,227.39
12713,22,1,848.55
