,CustomerID,MostRecent,Frequency,TotalSpending
0,17811.0,2011-12-05 13:46:00,11,196.23
1,14583.0,2011-07-18 12:53:00,3,12.65
2,14667.0,2011-11-18 14:23:00,8,154.35
3,17672.0,2011-10-20 14:18:00,1,26.40
4,15804.0,2011-12-09 12:31:00,4,72.66
5,17750.0,2011-12-04 14:09:00,3,48.82
6,13408.0,2011-10-26 13:28:00,6,270.86
7,18257.0,2011-02-16 15:13:00,1,19.50
8,13694.0,2011-11-14 11:11:00,10,896.52
9,13611.0,2011-09-11 14:51:00,1,17.85
10,17434.0,2011-11-23 16:22:00,1,25.20
11,14056.0,2011-10-18 16:46:00,11,152.74
12,15325.0,2011-08-28 11:55:00,1,0.78
13,17139.0,2011-11-24 10:12:00,6,202.15
14,16229.0,2011-09-13 17:16:00,1,16.50
15,13755.0,2011-11-21 13:41:00,3,52.68
16,12476.0,2011-09-16 10:56:00,3,48.30
17,13048.0,2011-11-25 13:23:00,2,45.70
18,16057.0,2011-11-23 15:23:00,3,70.20
19,16348.0,2011-11-07 15:44:00,2,83.50
20,15033.0,2011-11-14 13:12:00,6,30.93
21,14441.0,2011-12-09 09:07:00,2,118.80
22,13066.0,2011-11-07 17:06:00,1,8.55
23,13593.0,2011-06-30 12:23:00,1,11.80
24,12670.0,2011-09-02 09:51:00,1,35.70
25,16684.0,2011-10-05 10:06:00,5,2655.60
26,15795.0,2011-07-13 10:43:00,1,36.40
27,13800.0,2011-02-03 12:27:00,1,15.00
28,14547.0,2011-12-05 12:59:00,4,146.74
29,15315.0,2011-08-15 15:17:00,1,13.20
30,17461.0,2011-11-17 10:01:00,2,31.00
31,17917.0,2010-12-12 12:08:00,1,11.45
32,13614.0,2011-11-15 14:47:00,2,42.94
33,15044.0,2011-11-20 13:20:00,6,150.94
34,17567.0,2011-10-13 12:52:00,1,6.96
35,17289.0,2011-11-08 12:01:00,1,8.32
36,15819.0,2011-03-08 09:45:00,1,15.00
37,12371.0,2011-10-11 10:43:00,1,17.00
38,12627.0,2011-11-29 12:07:00,5,107.66
39,13642.0,2011-05-08 12:34:00,1,25.00
40,15125.0,2011-08-18 17:50:00,2,15.85
41,14002.0,2011-07-28 15:55:00,1,4.56
42,14198.0,2011-07-17 15:47:00,1,17.70
43,12757.0,2011-10-06 14:50:00,3,28.50
44,18077.0,2011-10-27 13:58:00,4,99.23
45,14527.0,2011-12-01 12:25:00,11,94.63
46,15955.0,2011-10-27 17:34:00,2,28.42
47,14537.0,2011-10-13 10:54:00,1,40.68
48,14453.0,2011-06-02 14:15:00,1,2.10
49,16412.0,2011-10-17 12:35:00,1,3.30
50,16007.0,2011-10-23 11:05:00,3,7.18
51,15009.0,2011-11-14 17:40:00,1,8.51
52,16526.0,2011-06-21 12:02:00,1,12.75
53,12494.0,2010-12-09 11:31:00,1,17.70
54,16942.0,2011-11-27 12:40:00,3,29.65
55,16633.0,2011-11-22 13:41:00,2,45.39
56,14034.0,2011-11-17 14:02:00,1,21.07
57,15356.0,2011-06-17 14:44:00,4,39.61
58,17416.0,2011-09-23 10:25:00,4,87.50
59,12731.0,2011-11-16 11:59:00,3,284.34
60,14245.0,2011-05-04 08:40:00,2,54.00
61,14412.0,2011-10-28 10:45:00,1,27.00
62,13761.0,2011-10-20 14:01:00,2,49.20
63,15557.0,2011-11-11 12:46:00,1,15.00
64,13093.0,2011-03-09 12:14:00,2,122.40
65,17164.0,2011-09-21 11:48:00,2,84.15
66,17049.0,2011-10-17 13:39:00,3,36.10
67,14262.0,2011-07-05 12:53:00,1,19.80
68,17571.0,2011-10-20 15:57:00,3,17.23
69,14626.0,2011-10-06 10:52:00,1,58.40
70,15720.0,2011-11-15 14:48:00,1,7.09
71,17581.0,2011-11-06 12:59:00,6,184.50
72,17107.0,2011-11-06 14:08:00,4,70.23
73,16833.0,2011-01-09 13:02:00,1,15.00
74,17841.0,2011-12-08 12:07:00,58,649.69
75,16918.0,2011-07-03 12:38:00,2,44.25
76,15544.0,2011-11-30 16:43:00,3,54.20
77,15589.0,2011-02-02 10:46:00,1,10.20
78,15436.0,2011-10-23 16:19:00,2,8.93
79,13344.0,2011-10-03 09:45:00,3,69.54
80,15529.0,2011-09-13 11:14:00,4,32.48
81,16945.0,2011-11-18 11:39:00,4,73.15
82,14129.0,2011-12-08 11:02:00,3,61.80
83,14587.0,2011-05-10 14:22:00,5,5.90
84,15606.0,2011-02-24 09:32:00,2,62.40
85,13097.0,2011-11-07 10:43:00,5,123.10
86,15351.0,2011-11-27 12:52:00,4,43.25
87,18118.0,2011-11-11 10:48:00,13,88.10
88,13867.0,2011-09-26 12:23:00,1,10.20
89,12748.0,2011-12-09 12:20:00,51,346.35
90,14606.0,2011-11-30 14:00:00,29,69.73
91,13708.0,2011-03-13 13:46:00,1,10.08
92,12841.0,2011-10-27 12:08:00,7,60.53
93,12380.0,2011-09-22 17:31:00,1,17.70
94,12562.0,2011-11-17 11:34:00,2,56.85
95,15088.0,2011-10-03 14:05:00,1,158.30
96,14209.0,2011-08-10 16:01:00,3,37.80
97,13650.0,2011-10-04 09:51:00,1,14.94
98,16242.0,2011-11-07 15:07:00,2,53.00
99,17377.0,2011-11-09 10:39:00,5,96.80
100,17193.0,2011-09-14 10:40:00,2,199.20
101,13951.0,2011-06-16 16:43:00,2,47.70
102,15561.0,2011-11-28 11:07:00,1,39.60
103,14087.0,2011-12-07 12:41:00,1,2.09
104,13491.0,2011-01-26 10:30:00,3,76.80
105,14646.0,2011-10-27 12:09:00,16,2428.76
106,14502.0,2011-11-20 11:50:00,5,18.60
107,13652.0,2011-10-25 08:51:00,2,28.80
108,12753.0,2011-12-06 11:40:00,5,265.52
109,17696.0,2011-11-01 13:43:00,1,20.40
110,16099.0,2011-07-25 10:28:00,1,8.40
111,13506.0,2010-12-05 12:15:00,1,23.87
112,15039.0,2011-11-22 16:11:00,12,79.17
113,15152.0,2011-11-30 12:32:00,4,91.46
114,13924.0,2011-12-08 09:39:00,3,96.60
115,17449.0,2011-04-19 14:57:00,3,40.95
116,18096.0,2011-10-13 13:35:00,1,20.95
117,13908.0,2011-09-21 11:49:00,3,66.68
118,17802.0,2011-09-18 14:56:00,2,44.55
119,15701.0,2011-08-21 12:36:00,1,14.91
120,15547.0,2011-12-02 12:52:00,7,101.33
121,16376.0,2011-12-01 10:56:00,2,11.09
122,14156.0,2011-11-30 10:54:00,16,3236.61
123,17828.0,2011-08-30 10:06:00,1,-5.80
124,14684.0,2011-11-14 11:33:00,4,30.80
125,15752.0,2011-07-13 11:09:00,3,35.08
126,12637.0,2011-10-03 13:46:00,5,169.20
127,14769.0,2011-09-18 15:33:00,6,213.91
128,17238.0,2011-12-02 16:07:00,7,53.59
129,17211.0,2011-11-13 12:03:00,3,39.75
130,16933.0,2011-12-08 12:54:00,2,54.80
131,16327.0,2011-11-25 13:23:00,3,48.50
132,16931.0,2011-12-04 13:15:00,11,57.86
133,15708.0,2011-10-30 10:54:00,4,55.10
134,15058.0,2011-11-14 14:39:00,2,2.10
135,17372.0,2011-10-30 11:37:00,3,25.00
136,14825.0,2011-02-15 15:04:00,1,1.68
137,14179.0,2011-10-30 12:07:00,2,33.05
138,15615.0,2011-06-30 18:07:00,4,56.92
139,16255.0,2011-07-31 12:02:00,2,11.27
140,17884.0,2010-12-06 15:13:00,1,1.70
141,15464.0,2011-01-05 15:56:00,1,12.90
142,13598.0,2011-10-23 14:28:00,1,4.15
143,16558.0,2011-11-02 12:44:00,5,77.85
144,15594.0,2011-11-09 16:26:00,1,17.85
145,17472.0,2011-06-01 14:57:00,2,10.20
146,16135.0,2011-03-22 12:30:00,1,30.50
147,14716.0,2011-10-27 17:29:00,2,7.03
148,13700.0,2011-04-13 13:25:00,5,73.50
149,13486.0,2011-08-03 13:10:00,1,12.75
150,14952.0,2011-10-11 10:33:00,5,199.55
151,17243.0,2011-12-08 13:26:00,6,207.60
152,16923.0,2011-11-27 12:47:00,6,69.45
153,16657.0,2011-11-30 11:48:00,2,4.60
154,14334.0,2011-11-23 10:01:00,3,43.80
155,13369.0,2010-12-20 14:02:00,1,-3.78
156,13422.0,2011-10-06 13:42:00,1,61.05
157,15645.0,2011-11-21 11:55:00,1,19.40
158,17265.0,2011-07-24 10:49:00,2,7.62
159,15311.0,2011-12-02 13:21:00,34,988.41
160,17724.0,2011-09-29 15:26:00,2,52.10
161,15660.0,2011-03-01 13:45:00,1,15.80
162,14096.0,2011-12-05 17:17:00,13,965.48
163,13427.0,2011-11-20 13:02:00,1,18.72
164,12415.0,2011-11-15 10:32:00,9,1894.55
165,17579.0,2011-12-05 12:28:00,1,5.95
166,13253.0,2011-07-06 10:09:00,1,18.00
167,13451.0,2011-11-13 15:58:00,1,22.20
168,16873.0,2011-12-05 12:05:00,4,167.84
169,17516.0,2011-08-12 14:50:00,2,7.15
170,17227.0,2011-09-30 15:14:00,2,2.05
171,12685.0,2011-11-11 13:46:00,3,44.10
172,16655.0,2011-09-25 14:37:00,3,78.64
173,14623.0,2011-08-15 13:51:00,2,14.15
174,17323.0,2011-11-24 17:14:00,4,10.15
175,14472.0,2011-07-31 12:08:00,3,73.47
176,12734.0,2010-12-22 12:47:00,1,8.40
177,12916.0,2011-03-27 10:54:00,1,15.90
178,17073.0,2011-08-22 14:37:00,1,5.90
179,13558.0,2011-11-16 12:13:00,3,16.39
180,17850.0,2011-02-10 14:38:00,7,132.42
181,12567.0,2011-11-17 11:02:00,5,99.78
182,15106.0,2011-10-18 14:51:00,3,27.30
183,12647.0,2010-12-15 14:25:00,1,-11.80
184,14534.0,2011-12-07 12:19:00,6,69.39
185,16033.0,2011-11-06 13:53:00,10,123.78
186,17954.0,2011-12-04 14:15:00,6,31.29
187,15948.0,2011-12-01 15:32:00,2,25.20
188,14446.0,2011-12-09 11:34:00,3,17.85
189,17805.0,2011-09-27 11:49:00,1,30.24
190,18097.0,2011-05-18 13:56:00,2,45.62
191,14004.0,2011-09-22 12:42:00,3,79.56
192,13268.0,2011-11-01 11:31:00,5,52.01
193,13639.0,2011-09-26 13:36:00,1,39.90
194,16804.0,2011-11-16 16:42:00,2,17.95
195,16556.0,2011-08-26 11:58:00,4,77.73
196,14251.0,2011-11-29 12:07:00,2,132.48
197,15494.0,2011-11-18 14:51:00,1,1.45
198,14680.0,2011-07-27 13:18:00,3,722.00
199,14467.0,2011-11-22 12:48:00,2,9.95
200,15150.0,2011-11-22 12:52:00,3,98.38
201,13995.0,2011-07-21 08:44:00,1,25.68
202,17426.0,2011-09-09 15:51:00,2,83.25
203,13911.0,2011-07-18 13:30:00,3,42.10
204,16570.0,2011-10-13 15:49:00,1,16.50
205,13988.0,2011-09-28 10:54:00,2,58.03
206,16525.0,2011-06-08 08:12:00,1,81.60
207,12928.0,2011-10-25 09:31:00,2,30.88
208,17231.0,2011-11-15 16:42:00,4,25.44
209,12955.0,2011-11-23 10:08:00,1,39.60
210,15585.0,2011-06-16 08:38:00,1,22.44
211,15068.0,2011-10-24 14:47:00,1,1.25
212,15867.0,2011-05-27 15:57:00,3,40.09
213,15525.0,2011-12-07 15:39:00,3,1.55
214,15573.0,2011-11-08 11:38:00,2,9.60
215,13429.0,2011-11-29 09:10:00,1,16.50
216,13617.0,2011-10-30 13:50:00,1,5.10
217,13098.0,2011-11-10 18:46:00,5,76.14
218,13430.0,2011-11-21 08:19:00,1,13.20
219,12782.0,2011-07-13 10:30:00,2,117.00
220,15358.0,2011-09-12 09:57:00,4,109.67
221,17338.0,2011-11-22 14:23:00,5,58.67
222,14298.0,2011-12-01 13:12:00,13,701.70
223,14911.0,2011-12-08 15:54:00,50,1274.75
224,15897.0,2011-05-29 13:50:00,1,15.00
225,13263.0,2011-12-08 13:59:00,13,72.69
226,17511.0,2011-12-05 13:33:00,13,1090.59
227,17926.0,2011-05-20 09:24:00,1,39.70
228,17096.0,2011-11-24 15:01:00,1,22.50
229,18061.0,2011-05-17 08:18:00,1,12.60
230,14290.0,2011-11-28 14:02:00,1,6.64
231,17720.0,2011-11-13 15:04:00,2,48.99
232,16261.0,2011-09-25 13:23:00,2,4.34
233,15187.0,2011-12-08 11:56:00,2,23.50
234,13860.0,2011-11-25 13:42:00,2,20.15
235,17278.0,2011-04-12 13:10:00,1,10.08
236,17735.0,2011-11-02 14:52:00,6,131.80
237,17088.0,2011-11-11 14:23:00,2,72.90
238,13869.0,2011-08-08 13:53:00,2,40.74
239,14112.0,2011-11-17 12:30:00,3,72.00
240,14562.0,2011-10-16 14:07:00,3,30.25
241,17530.0,2011-09-15 17:00:00,3,12.56
242,14470.0,2011-11-28 10:31:00,1,30.18
243,16904.0,2011-12-05 13:10:00,7,45.24
244,17050.0,2011-09-04 13:48:00,4,62.25
245,17460.0,2011-09-22 10:58:00,1,-35.40
246,12705.0,2011-10-28 14:44:00,3,76.50
247,15543.0,2011-02-24 15:26:00,1,15.95
248,12449.0,2011-11-17 13:46:00,2,72.70
249,16940.0,2011-10-18 13:15:00,2,18.32
250,13853.0,2011-10-13 14:18:00,1,59.80
251,12471.0,2011-11-24 12:36:00,9,351.00
252,15219.0,2011-06-16 16:57:00,1,41.40
253,13397.0,2011-09-28 10:56:00,3,105.00
254,17523.0,2011-11-20 13:40:00,1,2.95
255,15505.0,2011-10-18 07:56:00,2,122.28
256,17337.0,2011-05-12 20:13:00,3,20.15
257,16042.0,2011-11-17 17:50:00,1,23.00
258,16469.0,2011-11-16 12:25:00,3,6.04
259,14387.0,2011-11-07 12:29:00,2,30.30
260,17566.0,2011-12-01 19:54:00,1,6.45
261,12809.0,2011-06-15 10:51:00,1,24.58
262,17481.0,2011-11-03 16:37:00,1,17.00
263,13325.0,2011-09-19 10:36:00,1,10.50
264,12991.0,2011-08-19 14:39:00,1,13.20
265,16080.0,2011-03-10 14:44:00,1,17.40
266,12836.0,2011-05-04 15:08:00,1,1.25
267,15737.0,2011-04-11 10:01:00,1,45.05
268,17738.0,2011-07-14 09:23:00,1,17.25
269,16115.0,2011-09-28 14:26:00,3,17.08
270,16431.0,2011-02-15 14:02:00,1,6.80
271,12599.0,2011-06-28 13:11:00,1,10.08
272,18255.0,2011-09-11 13:16:00,1,30.00
273,17221.0,2011-12-02 13:35:00,1,1.25
274,12521.0,2011-07-20 10:51:00,1,24.90
275,14796.0,2011-12-08 15:31:00,11,147.59
276,12669.0,2011-03-28 10:15:00,1,32.30
277,17994.0,2011-06-03 09:50:00,2,20.58
278,16059.0,2011-06-29 10:50:00,2,4.60
279,13735.0,2011-11-15 11:14:00,3,105.55
280,12865.0,2011-11-13 14:31:00,1,16.60
281,12546.0,2011-10-04 10:38:00,2,-2.30
282,13953.0,2011-12-02 16:04:00,1,25.20
283,16284.0,2011-11-08 16:12:00,1,31.26
284,16258.0,2011-10-25 13:30:00,3,79.40
285,15444.0,2011-11-30 17:37:00,1,39.40
286,13709.0,2011-12-06 10:27:00,6,158.85
287,12701.0,2011-04-11 13:02:00,1,7.56
288,17519.0,2010-12-14 10:29:00,2,8.25
289,17590.0,2011-12-07 12:55:00,3,54.38
290,14530.0,2011-08-03 12:12:00,3,58.26
291,13971.0,2011-08-25 14:23:00,4,103.20
292,17392.0,2010-12-16 19:04:00,1,10.50
293,17772.0,2011-11-29 11:05:00,2,4.20
294,12481.0,2011-05-19 08:27:00,4,92.40
295,12720.0,2011-11-24 15:02:00,4,34.65
296,16495.0,2011-12-06 13:20:00,1,2.34
297,14595.0,2011-10-14 15:26:00,1,29.10
298,14031.0,2011-10-21 16:48:00,4,320.40
299,16713.0,2011-11-21 12:36:00,4,28.25
300,14426.0,2011-11-16 12:25:00,6,124.56
301,14896.0,2010-12-09 12:24:00,1,21.75
302,17157.0,2011-06-20 13:13:00,2,9.05
303,16225.0,2011-06-16 13:04:00,2,24.45
304,16549.0,2011-11-29 15:06:00,9,67.85
305,16906.0,2011-09-19 11:49:00,2,18.95
306,17405.0,2011-12-08 17:12:00,2,9.72
307,13362.0,2011-11-30 14:41:00,3,103.60
308,16398.0,2011-03-31 09:38:00,1,32.40
309,13069.0,2011-11-25 15:47:00,5,39.45
310,13138.0,2011-10-24 09:34:00,2,53.80
311,12451.0,2011-10-05 12:52:00,3,156.98
312,17236.0,2011-11-27 12:00:00,2,21.10
313,16503.0,2011-08-25 11:46:00,1,25.20
314,12425.0,2011-09-22 17:31:00,1,97.36
315,14410.0,2011-09-08 11:25:00,3,-12.30
316,15048.0,2011-05-03 11:40:00,2,6.15
317,16794.0,2011-11-13 12:29:00,2,5.80
318,17160.0,2011-08-22 13:32:00,2,32.00
319,15780.0,2011-04-11 09:18:00,1,15.30
320,13203.0,2011-11-30 10:45:00,2,54.48
321,14818.0,2011-03-31 12:28:00,1,12.75
322,16843.0,2011-10-05 15:35:00,5,159.18
323,13336.0,2011-09-23 14:05:00,1,12.60
324,14725.0,2011-11-15 12:42:00,1,10.20
325,16905.0,2011-11-20 13:37:00,3,46.80
326,15002.0,2011-02-16 10:25:00,1,31.90
327,16295.0,2011-10-12 13:17:00,2,85.09
328,14276.0,2011-09-12 17:49:00,2,7.50
329,18221.0,2011-08-16 10:50:00,1,12.75
330,17648.0,2011-04-04 10:29:00,1,15.00
331,12985.0,2011-12-09 10:46:00,1,25.28
332,16919.0,2011-05-31 15:16:00,3,36.87
333,16553.0,2010-12-14 13:58:00,1,127.20
334,15382.0,2011-09-16 09:27:00,1,31.50
335,14659.0,2011-09-22 12:45:00,3,36.35
336,15572.0,2011-11-14 12:14:00,3,46.10
337,14638.0,2011-10-20 10:10:00,1,9.96
338,15856.0,2011-10-05 17:29:00,3,53.58
339,14505.0,2011-11-22 15:45:00,8,94.97
340,15061.0,2011-07-22 09:01:00,4,373.42
341,15791.0,2011-05-19 15:15:00,1,15.30
342,16595.0,2011-10-09 13:15:00,1,3.30
343,12645.0,2011-08-22 12:40:00,2,58.80
344,14573.0,2011-05-11 12:32:00,2,6.25
345,16722.0,2011-07-22 10:48:00,2,91.86
346,15555.0,2011-11-27 16:19:00,11,86.18
347,14062.0,2011-01-20 14:18:00,1,181.92
348,14591.0,2011-11-24 13:56:00,1,23.63
349,16360.0,2011-12-05 12:16:00,4,19.63
350,13269.0,2011-10-04 15:45:00,7,111.70
351,15786.0,2011-10-24 14:10:00,2,93.66
352,15480.0,2011-08-15 14:32:00,1,2.28
353,14189.0,2011-11-23 16:43:00,6,124.76
354,15563.0,2011-11-17 12:59:00,2,38.60
355,15628.0,2011-10-05 12:51:00,2,32.25
356,15145.0,2011-04-26 16:40:00,2,27.55
357,15228.0,2011-08-02 12:27:00,2,34.80
358,16126.0,2011-08-30 10:07:00,2,138.00
359,17870.0,2011-11-25 11:20:00,2,10.44
360,17169.0,2011-10-20 19:15:00,2,25.10
361,17183.0,2011-11-07 11:29:00,1,14.04
362,12517.0,2011-08-05 15:02:00,2,43.43
363,16533.0,2011-10-16 13:51:00,1,22.65
364,17063.0,2011-10-13 12:06:00,1,41.60
365,15872.0,2011-11-25 11:54:00,1,4.19
366,12539.0,2011-11-17 13:30:00,3,126.58
367,14422.0,2011-10-17 15:18:00,2,34.90
368,18200.0,2011-08-25 18:45:00,1,12.62
369,15260.0,2011-08-31 13:55:00,2,33.00
370,13375.0,2011-09-12 10:19:00,1,17.00
371,15276.0,2011-10-04 16:39:00,1,0.42
372,14357.0,2011-10-27 16:23:00,1,14.85
373,15350.0,2010-12-01 13:33:00,1,25.20
374,16936.0,2011-11-14 11:04:00,1,2.99
375,17690.0,2011-11-09 15:17:00,3,52.40
376,15159.0,2011-10-20 13:07:00,7,212.80
377,14688.0,2011-10-31 08:29:00,3,7.12
378,17576.0,2011-10-18 17:04:00,4,83.68
379,14656.0,2011-06-23 13:51:00,1,1.25
380,15457.0,2011-03-22 15:31:00,1,0.87
381,17062.0,2010-12-16 12:31:00,1,23.60
382,14504.0,2011-04-10 16:01:00,2,29.80
383,14540.0,2011-09-25 12:34:00,1,3.95
384,14735.0,2011-11-14 11:25:00,3,106.90
385,17340.0,2011-11-30 17:12:00,5,162.75
386,13209.0,2011-11-09 13:52:00,4,52.21
387,14837.0,2011-09-11 10:58:00,4,86.10
388,17084.0,2011-11-04 14:54:00,2,72.84
389,13744.0,2011-02-20 14:08:00,1,30.00
390,16393.0,2011-12-07 12:51:00,3,0.84
391,17320.0,2011-04-17 14:09:00,1,19.50
392,14049.0,2011-11-23 12:20:00,2,10.84
393,15318.0,2011-12-06 11:30:00,1,4.68
394,14524.0,2011-06-14 12:46:00,3,38.25
395,17495.0,2011-11-01 12:06:00,1,29.88
396,14456.0,2011-12-04 13:59:00,4,20.84
397,14210.0,2011-02-16 13:11:00,1,17.00
398,12444.0,2011-11-18 13:23:00,3,81.60
399,15601.0,2011-11-28 15:15:00,7,119.94
400,13089.0,2011-12-01 15:56:00,19,655.46
401,18092.0,2011-11-01 10:56:00,2,150.96
402,12867.0,2011-11-13 15:30:00,4,40.34
403,14541.0,2011-10-12 10:08:00,2,49.90
404,13183.0,2011-07-27 11:47:00,1,177.60
405,15189.0,2011-08-18 10:23:00,2,107.76
406,15078.0,2011-12-02 15:39:00,4,71.98
407,13956.0,2011-10-16 15:56:00,3,35.08
408,13394.0,2011-11-02 12:36:00,3,22.00
409,16652.0,2011-10-12 09:35:00,3,138.48
410,15030.0,2011-03-16 15:34:00,1,30.60
411,15489.0,2011-05-12 12:54:00,1,18.75
412,18136.0,2011-10-07 15:40:00,1,14.88
413,16362.0,2011-10-11 14:21:00,2,3.60
414,14352.0,2011-03-11 14:58:00,1,19.80
415,16938.0,2011-06-12 13:17:00,1,8.25
416,16128.0,2011-09-23 14:17:00,1,12.60
417,15862.0,2011-12-01 13:28:00,3,17.64
418,15426.0,2011-11-20 15:36:00,4,27.04
419,15079.0,2011-05-11 12:44:00,1,17.34
420,14871.0,2011-12-06 13:42:00,3,17.15
421,17365.0,2011-11-27 12:13:00,3,73.29
422,14711.0,2011-11-15 13:19:00,4,12.61
423,15475.0,2011-09-23 15:20:00,1,58.16
424,13309.0,2011-02-04 12:29:00,1,5.04
425,15023.0,2011-10-27 17:22:00,4,51.95
426,14385.0,2011-11-30 15:36:00,1,15.60
427,13396.0,2011-11-10 16:59:00,2,34.65
428,14621.0,2011-08-04 17:58:00,1,-5.90
429,14903.0,2011-08-07 12:42:00,3,24.40
430,17596.0,2011-10-25 13:46:00,2,49.36
431,16712.0,2011-11-21 15:57:00,6,48.05
432,17757.0,2011-12-08 15:31:00,8,55.15
433,14193.0,2011-10-03 09:34:00,1,19.80
434,17615.0,2011-08-01 14:06:00,2,37.35
435,14360.0,2011-11-08 09:12:00,2,48.21
436,16910.0,2011-12-05 12:51:00,5,19.89
437,16438.0,2011-11-13 11:39:00,1,16.00
438,12621.0,2011-09-19 13:28:00,6,413.06
439,15826.0,2011-10-14 16:04:00,2,71.10
440,17404.0,2011-07-31 15:50:00,5,1065.36
441,16200.0,2011-12-05 14:40:00,2,41.79
442,13505.0,2011-05-31 15:41:00,2,27.60
443,15214.0,2011-04-11 09:46:00,1,20.85
444,17569.0,2011-01-11 14:15:00,1,8.40
445,13523.0,2011-11-06 15:11:00,1,35.52
446,17254.0,2011-11-24 14:09:00,1,3.77
447,12656.0,2011-05-20 11:34:00,1,255.00
448,17414.0,2011-06-08 11:43:00,1,180.00
449,16814.0,2011-11-16 12:51:00,5,285.45
450,17274.0,2011-11-04 13:16:00,1,26.56
451,12921.0,2011-11-30 16:22:00,5,122.38
452,17769.0,2011-11-27 11:18:00,2,31.65
453,17625.0,2011-11-21 13:36:00,4,40.70
454,17017.0,2011-06-30 14:46:00,5,178.20
455,16979.0,2011-02-15 09:20:00,1,17.40
456,15005.0,2011-11-08 11:53:00,12,77.00
457,16131.0,2011-04-14 08:32:00,1,6.96
458,13835.0,2011-07-07 15:16:00,2,46.90
459,15059.0,2011-05-08 12:36:00,2,7.45
460,12727.0,2011-06-05 15:29:00,3,271.20
461,12463.0,2011-05-17 10:02:00,2,65.10
462,18082.0,2011-11-14 12:45:00,1,31.80
463,16837.0,2011-11-08 14:27:00,2,32.16
464,15750.0,2011-09-28 13:00:00,2,16.62
465,17654.0,2011-03-07 13:17:00,1,1.70
466,12540.0,2011-09-19 15:02:00,3,91.50
467,17428.0,2011-06-20 13:28:00,3,94.00
468,16394.0,2011-04-05 14:51:00,1,18.60
469,16341.0,2011-09-15 12:03:00,1,36.30
470,13842.0,2011-09-28 14:56:00,5,117.71
471,13969.0,2011-12-01 14:38:00,4,245.10
472,17284.0,2011-10-10 14:38:00,2,13.35
473,16523.0,2011-05-24 08:21:00,1,66.00
474,17034.0,2011-11-23 15:14:00,2,75.00
475,14320.0,2011-05-17 09:24:00,1,5.04
476,14005.0,2011-07-29 10:00:00,1,26.40
477,14178.0,2011-12-01 12:01:00,4,18.11
478,16315.0,2011-01-13 11:57:00,1,13.52
479,12405.0,2011-07-14 08:52:00,1,10.20
480,13630.0,2011-08-26 10:32:00,2,80.70
481,13455.0,2011-11-15 11:21:00,1,20.40
482,16626.0,2011-10-30 13:30:00,2,63.30
483,17092.0,2011-09-13 12:09:00,2,31.26
484,17159.0,2011-09-25 15:56:00,1,15.00
485,16520.0,2011-04-14 14:14:00,2,13.70
486,16161.0,2011-11-17 12:54:00,5,80.55
487,14099.0,2011-11-23 13:53:00,3,30.92
488,16170.0,2011-10-20 08:21:00,2,42.90
489,15532.0,2011-11-14 14:51:00,3,29.60
490,15673.0,2011-09-12 16:12:00,2,36.96
491,18094.0,2011-09-19 09:27:00,1,90.00
492,12856.0,2011-10-31 13:11:00,3,29.85
493,12553.0,2011-08-21 14:42:00,2,29.75
494,13113.0,2011-06-17 10:17:00,2,-5.77
495,16066.0,2011-11-23 11:54:00,4,76.94
496,12534.0,2011-08-01 10:26:00,1,15.00
497,14428.0,2011-11-03 16:30:00,1,19.80
498,17557.0,2011-09-19 14:23:00,1,1.65
499,14235.0,2011-03-24 13:23:00,1,10.50
500,13695.0,2011-11-08 14:26:00,2,174.90
501,17288.0,2011-11-27 13:29:00,1,21.40
502,17302.0,2011-11-07 15:27:00,3,36.90
503,18245.0,2011-07-13 14:28:00,3,49.80
504,13880.0,2011-10-18 13:15:00,4,84.70
505,18223.0,2011-05-18 09:37:00,4,81.10
506,16240.0,2011-11-15 14:30:00,2,41.80
507,13538.0,2011-06-09 14:26:00,1,67.50
508,17611.0,2011-12-02 13:28:00,4,46.57
509,16173.0,2011-11-24 10:53:00,1,40.60
510,16146.0,2011-04-21 15:25:00,1,90.60
511,16112.0,2011-01-05 11:47:00,1,51.84
512,12434.0,2011-09-16 12:38:00,2,37.50
513,18172.0,2011-08-04 16:17:00,2,81.72
514,14649.0,2011-05-11 14:42:00,2,14.15
515,16771.0,2011-03-09 13:56:00,2,43.05
516,15467.0,2011-07-10 14:42:00,1,25.68
517,13654.0,2011-07-17 13:29:00,2,32.40
518,17433.0,2011-09-12 14:24:00,1,14.75
519,17848.0,2011-06-23 17:35:00,1,3.30
520,16746.0,2011-09-15 18:05:00,3,39.50
521,17797.0,2011-11-17 13:21:00,2,10.35
522,18204.0,2011-05-31 15:26:00,1,2.50
523,14723.0,2011-11-03 15:09:00,3,13.65
524,17602.0,2011-12-07 13:53:00,4,49.40
525,16152.0,2011-03-16 09:47:00,1,17.00
526,17758.0,2011-11-20 14:43:00,5,101.09
527,14702.0,2011-09-22 19:33:00,3,52.25
528,15901.0,2011-07-08 12:18:00,1,5.48
529,17059.0,2011-11-10 12:27:00,5,46.47
530,15133.0,2011-02-11 10:38:00,1,45.00
531,17083.0,2011-08-22 15:43:00,1,64.80
532,14720.0,2011-09-11 13:56:00,1,15.30
533,17961.0,2011-11-18 16:48:00,6,29.93
534,16191.0,2011-10-18 12:49:00,2,40.20
535,15727.0,2011-08-24 14:54:00,3,39.40
536,16175.0,2011-05-19 10:25:00,1,10.40
537,15506.0,2011-11-17 12:11:00,2,3.69
538,14636.0,2011-11-03 16:12:00,1,72.90
539,17545.0,2011-10-27 14:04:00,2,21.60
540,15034.0,2011-11-11 12:44:00,3,34.44
541,13719.0,2011-10-13 15:19:00,2,32.80
542,13208.0,2011-05-17 12:25:00,2,23.66
543,16008.0,2011-11-16 10:32:00,2,16.75
544,17727.0,2011-11-24 17:06:00,1,58.15
545,12681.0,2011-07-11 11:39:00,7,203.05
546,14918.0,2011-08-16 11:50:00,2,82.35
547,17162.0,2011-07-31 16:04:00,2,35.70
548,16529.0,2011-06-02 17:23:00,1,18.45
549,16005.0,2011-06-10 12:01:00,1,13.85
550,14765.0,2011-06-16 19:49:00,1,24.90
551,16422.0,2011-11-08 09:03:00,6,219.30
552,15841.0,2011-10-06 18:31:00,2,16.22
553,13720.0,2011-03-30 09:17:00,1,11.40
554,17652.0,2011-10-10 13:13:00,4,110.00
555,12584.0,2011-10-06 18:27:00,1,-5.90
556,12758.0,2011-08-15 10:22:00,2,69.00
557,15870.0,2011-11-07 10:58:00,1,24.96
558,12398.0,2011-10-25 10:27:00,1,60.80
559,16201.0,2011-12-06 16:02:00,4,51.32
560,14748.0,2011-11-10 18:33:00,1,19.80
561,17146.0,2011-03-21 13:51:00,1,17.00
562,15421.0,2011-05-08 14:00:00,1,11.70
563,13102.0,2011-12-01 19:24:00,3,64.64
564,17450.0,2011-09-20 12:21:00,4,1418.68
565,14506.0,2011-10-04 14:42:00,2,25.25
566,17180.0,2011-01-27 18:05:00,1,0.55
567,12700.0,2011-12-02 10:47:00,3,117.90
568,14159.0,2011-11-20 12:36:00,8,50.68
569,16110.0,2011-10-25 14:35:00,3,31.25
570,13211.0,2011-09-05 17:36:00,1,3.36
571,16700.0,2011-08-10 09:52:00,7,165.42
572,14572.0,2011-10-30 14:04:00,2,24.75
573,18235.0,2011-09-29 08:27:00,1,42.70
574,13895.0,2011-06-28 10:17:00,1,19.90
575,15863.0,2011-05-31 11:36:00,1,7.95
576,15297.0,2011-11-29 16:32:00,1,12.48
577,17865.0,2011-09-21 13:57:00,4,176.70
578,16456.0,2011-04-26 09:44:00,2,27.05
579,16098.0,2011-08-03 17:05:00,2,51.50
580,15443.0,2011-11-27 12:29:00,4,64.15
581,16717.0,2011-11-16 12:16:00,3,57.05
582,16545.0,2011-06-28 10:37:00,1,25.20
583,16572.0,2011-07-11 13:32:00,1,15.00
584,14739.0,2010-12-07 14:58:00,1,51.84
585,12437.0,2011-11-30 16:47:00,3,62.62
586,12744.0,2011-10-14 14:54:00,2,123.90
587,14810.0,2011-10-30 11:19:00,5,41.54
588,16029.0,2011-11-01 10:27:00,4,-193.28
589,13632.0,2011-10-28 08:34:00,2,30.00
590,15861.0,2011-11-13 16:16:00,3,12.40
591,12560.0,2011-12-04 13:54:00,2,24.54
592,15834.0,2011-06-27 10:16:00,3,150.30
593,16186.0,2011-11-17 12:43:00,2,56.60
594,15407.0,2011-05-01 14:58:00,1,1.25
595,12493.0,2011-06-27 10:17:00,1,20.80
596,13634.0,2011-09-14 12:42:00,2,21.85
597,17934.0,2011-10-12 10:50:00,1,17.70
598,17614.0,2011-10-13 16:01:00,1,2.50
599,14520.0,2011-12-08 09:46:00,1,10.20
600,14801.0,2011-10-09 15:24:00,1,5.00
601,15974.0,2011-07-29 10:21:00,1,19.80
602,15528.0,2011-03-30 16:14:00,1,58.00
603,17509.0,2011-10-10 08:58:00,4,81.24
604,16283.0,2011-07-10 12:17:00,1,4.25
605,17052.0,2011-11-11 14:50:00,1,3.75
606,14060.0,2011-11-17 12:59:00,3,69.90
607,16542.0,2011-10-17 10:47:00,1,19.80
608,14897.0,2011-10-18 09:54:00,1,32.00
609,15811.0,2011-11-17 15:31:00,2,44.85
610,15877.0,2011-12-08 11:53:00,2,5.43
611,13136.0,2011-10-14 13:41:00,3,96.58
612,14963.0,2011-11-21 12:05:00,1,2.50
613,12456.0,2011-10-26 14:41:00,3,97.98
614,15874.0,2011-10-07 12:58:00,2,5.90
615,14795.0,2011-06-26 13:04:00,1,23.85
616,16015.0,2011-12-06 10:58:00,3,7.56
617,16426.0,2011-12-02 12:59:00,4,25.68
618,13497.0,2011-03-02 09:04:00,1,19.80
619,17147.0,2011-05-17 10:57:00,1,17.70
620,14014.0,2011-09-23 13:18:00,1,18.96
621,18109.0,2011-10-06 18:47:00,3,81.40
622,13294.0,2011-04-04 12:37:00,1,20.15
623,12433.0,2011-12-09 08:48:00,5,214.07
624,12766.0,2011-10-13 11:50:00,4,121.24
625,14976.0,2011-10-13 16:14:00,2,35.70
626,15089.0,2011-08-03 14:14:00,1,17.40
627,16107.0,2011-10-28 13:22:00,1,214.80
628,18272.0,2011-10-25 11:52:00,3,83.28
629,13012.0,2011-11-30 13:05:00,3,52.08
630,16494.0,2011-02-16 12:49:00,1,30.00
631,17343.0,2010-12-19 15:07:00,1,4.20
632,14215.0,2011-01-13 14:24:00,1,17.88
633,15812.0,2011-06-03 15:31:00,1,10.50
634,17812.0,2011-11-27 11:47:00,3,8.62
635,15900.0,2011-11-16 12:19:00,1,23.80
636,14032.0,2011-06-24 11:08:00,1,54.24
637,15910.0,2011-11-24 16:59:00,3,25.62
638,16386.0,2011-11-11 12:28:00,1,4.15
639,12594.0,2011-10-24 12:44:00,3,117.20
640,14221.0,2011-09-20 12:21:00,3,77.44
641,15312.0,2011-09-25 13:10:00,1,14.94
642,16527.0,2011-09-19 16:21:00,1,35.40
643,14565.0,2011-05-18 13:09:00,1,30.60
644,13521.0,2011-12-08 13:50:00,3,24.39
645,14971.0,2011-11-04 17:03:00,2,29.45
646,13862.0,2011-06-05 14:18:00,2,24.95
647,13388.0,2011-07-31 12:52:00,1,36.00
648,17217.0,2011-04-19 17:19:00,1,2.10
649,12462.0,2011-11-21 09:11:00,3,34.55
650,18074.0,2010-12-01 09:53:00,1,41.70
651,15763.0,2011-11-08 09:44:00,1,19.80
652,17714.0,2011-01-23 10:32:00,1,15.00
653,14461.0,2011-06-14 13:15:00,1,24.90
654,17970.0,2011-05-12 20:03:00,1,6.72
655,18242.0,2011-09-28 13:43:00,3,114.72
656,13539.0,2011-09-15 10:18:00,1,16.50
657,12913.0,2011-11-24 10:39:00,1,46.80
658,12909.0,2011-03-31 13:13:00,2,29.45
659,13081.0,2011-11-25 12:01:00,7,488.90
660,13777.0,2011-11-15 08:50:00,4,1484.50
661,14305.0,2011-07-27 14:14:00,1,17.40
662,13199.0,2011-12-06 12:30:00,2,175.32
663,18274.0,2011-11-22 10:18:00,2,2.25
664,14936.0,2011-10-05 08:52:00,4,139.44
665,17001.0,2011-03-04 10:21:00,1,10.20
666,16644.0,2011-05-11 12:53:00,1,10.20
667,15993.0,2011-11-23 12:45:00,4,35.81
668,16830.0,2011-11-01 11:35:00,1,20.80
669,18283.0,2011-11-30 12:59:00,7,23.77
670,12550.0,2011-09-21 14:35:00,1,9.36
671,17894.0,2011-09-04 14:36:00,1,7.50
672,15903.0,2011-11-30 08:08:00,2,95.04
673,15301.0,2011-10-20 09:57:00,4,51.39
674,17397.0,2011-11-17 14:08:00,1,4.95
675,17344.0,2011-10-24 12:56:00,1,0.42
676,16667.0,2011-02-28 12:57:00,1,9.95
677,12359.0,2011-02-07 14:51:00,1,17.85
678,16791.0,2011-11-10 19:12:00,4,36.68
679,18179.0,2011-03-30 12:43:00,2,45.65
680,17858.0,2011-12-04 11:56:00,4,268.40
681,17651.0,2011-10-30 10:18:00,3,82.40
682,17759.0,2011-11-22 16:02:00,1,20.40
683,16618.0,2011-11-08 13:52:00,1,34.80
684,13767.0,2011-07-19 15:49:00,5,104.43
685,13883.0,2011-11-29 10:45:00,3,79.80
686,14759.0,2011-08-19 08:57:00,2,38.70
687,15493.0,2011-11-07 12:04:00,4,93.60
688,16320.0,2011-05-10 15:31:00,1,45.90
689,13802.0,2011-02-01 12:03:00,1,15.00
690,18022.0,2011-11-04 12:45:00,1,6.90
691,14194.0,2011-11-15 14:57:00,9,178.55
692,14180.0,2011-06-24 12:14:00,1,19.80
693,14844.0,2011-10-07 10:41:00,1,15.00
694,15265.0,2011-04-18 12:16:00,1,13.50
695,15115.0,2011-11-21 14:59:00,1,5.04
696,13151.0,2011-02-17 12:29:00,1,31.80
697,15597.0,2011-11-04 13:26:00,1,15.00
698,13196.0,2011-09-16 12:48:00,2,37.92
699,18196.0,2011-09-05 16:22:00,1,3.75
700,12839.0,2011-11-15 09:26:00,2,17.00
701,17869.0,2011-04-07 19:10:00,2,6.70
702,16121.0,2011-10-13 12:59:00,2,9.85
703,14966.0,2011-11-25 12:20:00,1,8.00
704,13018.0,2011-05-13 11:39:00,3,41.20
705,16709.0,2011-09-16 10:56:00,1,29.70
706,18059.0,2011-11-30 17:02:00,1,-3.95
707,16774.0,2011-10-03 12:41:00,2,-2.35
708,13753.0,2011-02-25 12:48:00,1,10.20
709,13090.0,2011-04-15 10:27:00,1,15.00
710,17346.0,2011-12-06 12:18:00,5,49.88
711,16081.0,2011-10-14 13:06:00,2,9.95
712,14175.0,2011-10-11 11:55:00,2,39.90
713,16715.0,2011-09-22 18:15:00,1,25.68
714,17671.0,2011-11-24 12:21:00,1,42.96
715,13266.0,2011-11-10 13:44:00,2,27.56
716,17730.0,2011-12-06 15:43:00,2,35.34
717,14071.0,2011-11-08 12:25:00,1,0.65
718,16016.0,2011-12-06 14:35:00,3,13.28
719,14051.0,2011-07-21 10:29:00,1,192.90
720,14729.0,2010-12-01 12:43:00,1,6.10
721,16401.0,2011-02-18 12:56:00,2,18.25
722,13137.0,2011-11-29 12:09:00,4,23.76
723,17932.0,2011-05-12 13:58:00,1,9.95
724,16818.0,2011-09-29 13:38:00,1,29.32
725,16839.0,2011-09-12 14:54:00,3,113.80
726,13742.0,2011-11-23 11:07:00,3,27.15
727,14859.0,2011-11-27 11:15:00,2,39.96
728,17528.0,2011-09-29 13:04:00,1,35.45
729,15255.0,2011-10-04 12:43:00,1,14.94
730,15845.0,2011-11-04 10:18:00,1,17.34
731,16187.0,2011-09-01 13:53:00,4,98.76
732,17255.0,2011-10-30 12:18:00,2,28.74
733,17786.0,2011-09-15 12:51:00,1,2.37
734,13158.0,2011-07-07 13:05:00,1,15.60
735,13780.0,2011-12-02 13:49:00,1,3.75
736,17097.0,2011-12-07 17:05:00,4,24.11
737,12949.0,2011-05-17 13:27:00,2,58.05
738,13047.0,2011-10-24 14:02:00,3,34.95
739,16767.0,2011-11-09 09:41:00,3,100.36
740,14560.0,2011-11-23 09:35:00,1,26.40
741,18145.0,2011-11-27 11:22:00,1,41.22
742,13339.0,2011-05-23 08:31:00,1,30.60
743,15121.0,2011-02-24 12:41:00,1,10.20
744,15679.0,2011-06-10 08:24:00,1,17.70
745,12838.0,2011-11-06 12:20:00,2,27.15
746,15018.0,2011-04-01 09:56:00,1,10.20
747,14236.0,2011-09-20 09:13:00,1,25.20
748,13704.0,2011-09-19 15:49:00,1,20.40
749,16011.0,2011-09-01 10:28:00,2,52.70
750,14834.0,2011-09-29 10:49:00,2,78.60
751,13588.0,2011-08-11 15:25:00,2,30.60
752,17507.0,2011-03-23 11:48:00,2,8.00
753,17350.0,2011-10-25 12:06:00,2,50.04
754,15498.0,2011-08-11 08:37:00,2,49.25
755,15021.0,2011-12-01 11:53:00,3,8.53
756,14395.0,2011-09-22 12:41:00,2,8.35
757,16235.0,2011-02-17 10:51:00,1,17.00
758,15492.0,2011-11-11 14:53:00,1,19.80
759,12613.0,2011-10-13 14:59:00,3,76.90
760,15197.0,2011-12-01 08:14:00,2,40.34
761,15605.0,2011-11-03 14:17:00,3,37.43
762,18252.0,2011-10-20 12:43:00,1,12.06
763,15796.0,2011-08-22 14:35:00,2,22.80
764,12362.0,2011-02-17 10:30:00,1,26.70
765,14146.0,2011-12-01 10:18:00,2,34.80
766,12642.0,2011-10-20 12:31:00,1,17.00
767,14401.0,2011-06-10 14:51:00,1,25.08
768,14462.0,2011-08-11 09:57:00,5,90.05
769,17030.0,2011-10-07 08:49:00,1,13.92
770,13838.0,2011-12-04 11:00:00,1,0.84
771,14895.0,2011-12-02 09:19:00,3,90.35
772,13555.0,2011-09-27 12:36:00,3,77.55
773,13004.0,2011-10-07 12:25:00,4,55.81
774,17071.0,2011-11-11 16:31:00,3,80.80
775,18009.0,2011-04-18 13:36:00,1,2.95
776,15275.0,2011-11-02 11:20:00,1,9.95
777,13952.0,2011-05-06 09:00:00,2,65.85
778,12474.0,2011-11-22 14:39:00,8,128.14
779,13220.0,2011-09-22 13:38:00,2,80.70
780,15906.0,2011-10-02 13:46:00,1,18.00
781,17679.0,2011-09-15 10:35:00,1,153.00
782,13121.0,2011-03-15 16:47:00,1,15.30
783,13226.0,2011-03-11 14:35:00,1,2.50
784,15134.0,2011-09-28 12:33:00,3,44.85
785,13232.0,2011-05-27 13:26:00,2,14.30
786,16682.0,2011-10-13 15:47:00,2,79.80
787,16036.0,2011-09-13 14:53:00,1,11.90
788,13340.0,2011-03-08 11:39:00,1,19.80
789,17629.0,2011-12-04 10:56:00,4,29.46
790,13317.0,2011-10-04 13:35:00,2,44.46
791,14847.0,2011-07-14 10:52:00,1,53.80
792,13280.0,2011-01-27 16:29:00,1,10.50
793,16921.0,2011-10-09 16:22:00,1,4.60
794,16265.0,2011-10-27 14:03:00,3,46.26
795,15808.0,2011-01-04 16:41:00,3,28.50
796,16777.0,2011-03-27 14:34:00,1,2.95
797,13717.0,2011-10-14 14:16:00,1,33.90
798,16686.0,2011-10-23 13:49:00,6,22.78
799,12472.0,2011-10-19 11:49:00,5,46.59
800,12952.0,2011-10-27 16:59:00,1,16.50
801,17582.0,2011-04-17 13:18:00,1,2.95
802,13159.0,2011-08-25 15:12:00,1,7.50
803,12571.0,2011-10-31 10:19:00,1,19.80
804,15998.0,2011-11-03 12:45:00,4,60.63
805,15453.0,2011-12-08 10:59:00,4,16.30
806,15852.0,2011-05-26 13:26:00,1,3.30
807,17230.0,2011-03-20 16:12:00,1,13.90
808,17419.0,2011-01-19 09:54:00,2,38.70
809,14719.0,2011-12-08 12:43:00,3,48.65
810,13224.0,2011-10-10 14:55:00,1,7.50
811,15156.0,2011-12-08 18:22:00,2,72.54
812,13636.0,2011-11-03 10:30:00,2,60.60
813,15054.0,2011-11-27 15:02:00,2,3.95
814,17682.0,2011-05-31 08:50:00,1,16.50
815,13127.0,2011-09-23 10:26:00,1,19.80
816,15854.0,2011-12-05 13:37:00,2,9.45
817,14698.0,2011-11-24 11:10:00,3,40.83
818,14306.0,2011-10-19 13:23:00,2,50.50
819,13198.0,2011-04-04 09:55:00,2,42.00
820,13481.0,2011-05-31 15:26:00,2,22.65
821,13330.0,2011-06-07 12:18:00,1,33.00
822,15987.0,2011-11-27 15:38:00,2,16.61
823,15584.0,2011-06-30 16:39:00,1,5.95
824,14868.0,2011-08-11 14:55:00,1,32.40
825,12716.0,2011-07-29 13:28:00,1,46.00
826,17904.0,2011-11-18 12:57:00,1,7.95
827,16019.0,2011-10-18 10:16:00,4,87.90
828,14436.0,2011-09-02 10:13:00,1,7.80
829,16425.0,2011-02-10 14:30:00,1,10.20
830,13077.0,2011-02-22 16:15:00,1,3.75
831,16372.0,2011-11-06 12:50:00,1,4.55
832,13230.0,2011-11-10 20:01:00,3,30.96
833,17950.0,2011-09-28 15:18:00,2,6.69
834,12407.0,2011-07-06 09:49:00,2,21.57
835,17618.0,2010-12-12 16:05:00,1,19.90
836,14934.0,2011-09-19 10:10:00,1,94.08
837,16678.0,2011-11-03 12:18:00,4,104.70
838,15140.0,2011-09-21 12:25:00,1,40.80
839,14185.0,2011-01-12 13:52:00,1,19.90
840,15620.0,2011-10-14 12:41:00,3,40.60
841,16726.0,2011-11-13 14:53:00,2,10.45
842,13233.0,2011-09-26 13:25:00,1,6.24
843,13985.0,2011-11-18 09:19:00,4,82.30
844,16653.0,2011-09-29 13:38:00,1,17.85
845,14961.0,2011-11-29 09:42:00,2,73.50
846,13764.0,2011-09-30 12:03:00,2,25.95
847,15502.0,2011-11-07 16:39:00,4,515.80
848,16701.0,2011-07-11 13:19:00,2,42.00
849,17314.0,2011-11-11 16:13:00,3,66.60
850,13875.0,2011-10-17 09:36:00,1,29.50
851,13319.0,2011-11-22 16:39:00,5,153.75
852,15883.0,2011-11-06 14:50:00,1,4.95
853,16092.0,2011-05-26 15:30:00,1,10.40
854,12501.0,2011-01-07 12:28:00,1,43.00
855,15800.0,2011-08-24 14:23:00,1,5.40
856,17133.0,2011-03-18 13:47:00,1,207.50
857,17728.0,2011-10-05 08:17:00,1,30.76
858,13166.0,2011-03-01 15:16:00,1,30.00
859,14140.0,2011-11-08 11:20:00,1,19.80
860,17560.0,2011-05-19 17:13:00,1,50.88
861,14177.0,2011-06-13 11:10:00,1,9.90
862,13273.0,2011-08-18 14:02:00,1,5.04
863,16470.0,2011-10-19 12:11:00,3,38.00
864,17564.0,2011-09-20 14:00:00,1,9.95
865,13933.0,2011-07-14 13:35:00,1,31.80
866,15203.0,2011-11-14 08:16:00,2,26.04
867,18043.0,2011-05-17 12:40:00,2,7.50
868,14315.0,2011-10-26 12:06:00,2,50.80
869,16450.0,2011-07-13 11:47:00,1,30.00
870,13355.0,2011-08-09 14:48:00,1,16.50
871,13668.0,2011-08-18 12:53:00,4,23.33
872,17004.0,2011-10-24 14:25:00,2,72.90
873,14250.0,2011-09-11 13:44:00,1,25.20
874,15769.0,2011-11-09 11:55:00,5,1762.00
875,14639.0,2011-10-18 15:05:00,3,75.55
876,13722.0,2011-07-31 12:43:00,1,30.00
877,15644.0,2011-03-28 15:27:00,2,8.05
878,15017.0,2011-11-06 10:33:00,1,4.95
879,18125.0,2011-05-22 11:51:00,2,31.70
880,14700.0,2011-06-03 11:59:00,1,62.00
881,18202.0,2011-05-24 12:10:00,1,17.70
882,15611.0,2011-09-30 10:40:00,1,6.00
883,13365.0,2011-11-06 12:36:00,1,74.00
884,13385.0,2011-01-14 09:52:00,1,14.85
885,12408.0,2011-06-17 10:51:00,2,40.60
886,14995.0,2011-11-01 11:39:00,1,1.25
887,14944.0,2011-07-18 09:21:00,3,64.40
888,15743.0,2011-11-23 17:19:00,2,8.05
889,12610.0,2011-08-05 13:52:00,1,33.00
890,17345.0,2011-11-24 15:02:00,3,23.85
891,13849.0,2011-10-19 10:59:00,2,94.38
892,17604.0,2011-05-06 13:43:00,1,4.98
893,15182.0,2011-07-08 13:37:00,1,20.80
894,13548.0,2011-09-04 14:50:00,1,2.10
895,17920.0,2011-12-05 14:29:00,7,31.73
896,12406.0,2011-11-17 19:22:00,2,105.60
897,13798.0,2011-11-22 12:13:00,3,149.35
898,12436.0,2011-09-01 12:09:00,1,29.70
899,17341.0,2010-12-08 12:46:00,1,1.70
900,14800.0,2011-05-01 11:10:00,1,5.85
901,15522.0,2011-11-07 11:26:00,2,16.35
902,16928.0,2011-07-14 13:11:00,1,6.25
903,18041.0,2011-11-16 16:00:00,7,27.32
904,16473.0,2011-02-25 13:51:00,1,17.70
905,16813.0,2011-10-20 15:20:00,5,29.42
906,16561.0,2011-12-04 11:50:00,1,15.00
907,13103.0,2011-10-31 09:38:00,1,51.00
908,13464.0,2011-10-12 15:01:00,1,10.20
909,12360.0,2011-10-18 15:22:00,1,20.40
910,16213.0,2011-09-22 10:03:00,1,27.60
911,13168.0,2011-05-24 13:56:00,2,5.05
912,15339.0,2011-10-04 12:51:00,2,33.61
913,13859.0,2011-01-17 16:14:00,1,1.74
914,13078.0,2011-12-06 15:36:00,3,87.99
915,14536.0,2011-03-25 12:21:00,1,8.35
916,12688.0,2011-08-18 08:49:00,1,95.20
917,16587.0,2011-04-21 15:51:00,1,15.00
918,13814.0,2011-09-08 13:48:00,1,25.20
919,14404.0,2011-01-16 15:48:00,2,-23.10
920,12948.0,2011-11-23 17:10:00,1,25.20
921,14713.0,2011-05-05 17:26:00,2,22.44
922,15271.0,2011-10-24 13:37:00,2,17.50
923,15521.0,2011-07-14 16:12:00,2,47.30
924,17921.0,2011-10-06 18:56:00,3,37.60
925,13504.0,2011-10-06 13:20:00,1,13.50
926,15427.0,2011-11-06 14:29:00,3,21.98
927,13760.0,2011-10-16 16:13:00,2,18.80
928,13314.0,2011-10-19 14:13:00,1,-43.13
929,17852.0,2011-11-28 12:36:00,1,13.74
930,13854.0,2011-08-25 12:59:00,3,316.20
931,16395.0,2011-09-22 11:46:00,3,12.60
932,15249.0,2011-08-04 10:43:00,5,110.70
933,13610.0,2011-02-27 14:44:00,1,6.75
934,15756.0,2011-10-09 13:30:00,1,9.95
935,12775.0,2011-11-22 16:33:00,1,7.90
936,16914.0,2011-11-03 15:27:00,1,5.85
937,14174.0,2011-11-06 13:17:00,1,9.95
938,12798.0,2011-11-29 15:52:00,1,3651.60
939,16550.0,2011-06-28 15:31:00,2,19.95
940,17409.0,2011-04-05 16:42:00,1,102.00
941,15953.0,2011-10-23 14:30:00,1,17.70
942,16898.0,2011-11-13 15:44:00,3,11.55
943,14057.0,2011-11-16 10:32:00,3,45.73
944,16779.0,2011-12-07 14:52:00,6,87.00
945,16756.0,2011-05-09 09:33:00,1,29.70
946,13021.0,2011-12-05 16:37:00,4,74.78
947,16180.0,2011-08-31 16:28:00,1,179.00
948,17069.0,2011-09-19 09:10:00,1,34.68
949,13626.0,2011-04-01 10:05:00,1,26.76
950,14442.0,2011-01-27 09:33:00,1,39.80
951,13184.0,2011-07-11 12:31:00,2,49.58
952,16444.0,2011-10-24 13:50:00,1,0.42
953,16871.0,2011-03-14 10:31:00,1,17.70
954,18075.0,2011-08-25 15:10:00,1,12.75
955,17329.0,2011-11-25 14:24:00,2,17.75
956,17874.0,2011-04-28 13:17:00,2,59.10
957,14449.0,2011-10-06 13:29:00,3,22.18
958,15025.0,2011-11-06 15:20:00,1,15.05
959,12536.0,2011-10-11 14:52:00,1,31.80
960,16669.0,2011-11-16 12:26:00,2,15.70
961,17364.0,2011-11-11 12:07:00,3,111.60
962,17719.0,2011-09-25 12:22:00,3,62.00
963,13488.0,2011-07-18 11:58:00,3,54.55
964,16185.0,2011-11-23 09:41:00,1,12.72
965,14528.0,2011-11-02 17:09:00,1,29.88
966,14329.0,2011-11-22 15:49:00,4,74.80
967,12513.0,2011-08-19 10:51:00,1,15.30
968,17737.0,2011-11-30 15:16:00,1,14.85
969,17997.0,2011-09-08 15:16:00,3,25.34
970,16358.0,2011-12-08 15:09:00,3,74.64
971,13487.0,2010-12-21 14:54:00,1,17.70
972,13600.0,2011-01-31 15:27:00,1,10.50
973,12832.0,2011-09-02 13:48:00,1,15.00
974,17800.0,2011-07-01 10:58:00,1,8.25
975,16643.0,2011-04-08 08:24:00,1,17.70
976,12866.0,2011-03-01 14:11:00,1,11.70
977,12352.0,2011-03-17 16:00:00,2,-166.05
978,15531.0,2011-11-09 17:47:00,1,24.08
979,16458.0,2011-11-25 08:23:00,6,124.52
980,13706.0,2011-02-10 09:21:00,1,17.70
981,16889.0,2011-04-10 11:24:00,2,34.80
982,15719.0,2011-11-07 12:29:00,9,23.46
983,16992.0,2011-02-28 10:37:00,1,15.30
984,12682.0,2011-12-06 10:00:00,5,99.66
985,15132.0,2011-03-22 12:02:00,1,12.50
986,12931.0,2011-03-15 10:26:00,1,62.50
987,14657.0,2011-11-22 12:47:00,2,9.25
988,14776.0,2011-10-18 14:46:00,4,132.42
989,14214.0,2011-07-06 15:02:00,1,9.90
990,14116.0,2011-11-08 15:40:00,1,11.70
991,17886.0,2011-11-08 10:09:00,3,19.34
992,14852.0,2011-10-12 13:20:00,1,17.70
993,14415.0,2011-12-08 14:38:00,5,89.88
994,13461.0,2011-11-01 09:01:00,2,82.20
995,14730.0,2011-10-05 13:47:00,1,4.22
996,17561.0,2011-11-20 12:53:00,1,5.29
997,13037.0,2011-07-24 15:46:00,1,9.95
998,14113.0,2011-11-17 10:59:00,1,109.44
999,14432.0,2011-10-23 15:29:00,2,12.75
1000,16706.0,2011-08-17 15:53:00,1,2.50
1001,17172.0,2011-09-22 09:36:00,1,35.40
1002,15880.0,2010-12-05 13:00:00,1,5.10
1003,12872.0,2010-12-09 14:44:00,1,4.95
1004,14149.0,2011-05-03 09:44:00,1,32.55
1005,17229.0,2011-09-04 13:56:00,1,3.30
1006,13468.0,2011-09-05 15:56:00,3,43.50
1007,17964.0,2011-11-08 10:44:00,1,2.91
1008,12967.0,2011-12-06 14:19:00,1,-18.75
1009,18229.0,2011-09-30 11:55:00,2,31.50
1010,17589.0,2011-06-05 15:25:00,2,47.90
1011,15244.0,2011-04-05 15:12:00,1,16.50
1012,14592.0,2011-10-14 14:58:00,2,20.92
1013,16085.0,2011-11-16 13:24:00,2,8.60
1014,17777.0,2011-11-15 12:02:00,2,6.95
1015,12735.0,2011-01-28 13:37:00,2,33.10
1016,15700.0,2011-06-19 15:36:00,1,44.95
1017,16823.0,2011-04-26 15:00:00,1,7.65
1018,17827.0,2011-04-11 16:56:00,2,8.58
1019,17293.0,2011-12-01 14:37:00,1,0.95
1020,14341.0,2011-10-25 15:47:00,1,9.96
1021,13174.0,2011-11-23 14:35:00,2,37.56
1022,16172.0,2011-09-05 13:22:00,1,13.20
1023,14849.0,2011-09-05 14:57:00,6,101.88
1024,14696.0,2011-08-12 12:37:00,2,22.80
1025,13157.0,2011-10-21 13:50:00,1,52.38
1026,13599.0,2011-11-18 08:21:00,5,239.24
1027,15755.0,2011-09-26 15:51:00,1,15.00
1028,16266.0,2011-08-16 12:00:00,2,13.26
1029,17864.0,2011-09-11 13:39:00,2,12.91
1030,17070.0,2011-08-17 17:01:00,1,4.20
1031,15734.0,2011-05-23 14:59:00,1,207.50
1032,16442.0,2011-04-26 11:51:00,1,33.90
1033,15738.0,2011-09-04 12:04:00,1,98.10
1034,14732.0,2011-09-12 15:29:00,1,21.00
1035,17061.0,2011-04-21 14:37:00,1,20.40
1036,12695.0,2011-12-02 13:22:00,1,18.60
1037,15777.0,2011-04-12 16:43:00,1,18.96
1038,16811.0,2011-11-22 17:19:00,1,33.00
1039,15805.0,2011-10-06 12:23:00,4,68.10
1040,14709.0,2011-08-19 15:29:00,1,62.40
1041,14286.0,2011-10-25 08:26:00,1,5.04
1042,17451.0,2011-11-24 11:19:00,2,31.80
1043,14549.0,2011-02-01 13:47:00,1,1.65
1044,14758.0,2011-05-18 12:07:00,2,40.90
1045,17259.0,2010-12-06 12:55:00,1,9.90
1046,13426.0,2011-11-13 12:32:00,2,112.50
1047,15326.0,2011-01-10 11:38:00,1,5.04
1048,16248.0,2011-10-09 11:32:00,1,24.96
1049,18176.0,2010-12-16 15:45:00,1,46.70
1050,15036.0,2011-09-28 15:42:00,2,27.15
1051,13050.0,2011-11-18 09:56:00,7,113.48
1052,13594.0,2011-10-18 10:19:00,1,15.00
1053,15245.0,2011-06-05 13:29:00,1,20.16
1054,17634.0,2011-11-03 13:09:00,1,2.54
1055,12714.0,2011-08-25 09:55:00,2,39.46
1056,16967.0,2011-06-03 14:24:00,1,10.50
1057,16744.0,2011-09-25 11:22:00,2,49.65
1058,13285.0,2011-07-01 14:53:00,3,61.80
1059,13851.0,2011-02-24 17:18:00,1,16.80
1060,14584.0,2011-06-09 20:03:00,2,20.75
1061,15518.0,2011-10-06 13:05:00,4,22.99
1062,12684.0,2011-10-07 10:18:00,2,30.60
1063,14173.0,2011-05-04 14:03:00,1,5.95
1064,13238.0,2011-11-16 16:26:00,1,12.50
1065,15194.0,2011-12-06 15:10:00,2,81.24
1066,16102.0,2011-09-02 11:54:00,2,77.76
1067,13016.0,2011-09-27 14:07:00,1,33.90
1068,15655.0,2011-04-10 15:25:00,1,24.96
1069,14780.0,2011-09-21 15:15:00,1,13.20
1070,16980.0,2011-03-29 16:36:00,2,19.05
1071,12635.0,2011-07-08 08:43:00,1,15.30
1072,18101.0,2011-11-28 13:37:00,1,3.35
1073,13418.0,2011-07-06 15:49:00,2,58.92
1074,17043.0,2011-11-07 15:33:00,2,27.65
1075,17010.0,2011-11-21 14:49:00,1,11.70
1076,16218.0,2011-08-17 09:16:00,1,20.80
1077,12935.0,2011-05-20 12:38:00,1,16.50
1078,14227.0,2011-11-13 15:48:00,2,50.10
1079,14607.0,2011-11-24 10:35:00,2,251.00
1080,14152.0,2011-04-19 15:46:00,1,15.60
1081,17591.0,2010-12-07 15:39:00,1,3.30
1082,15641.0,2011-08-26 14:04:00,2,36.58
1083,17551.0,2010-12-15 14:12:00,1,7.80
1084,15429.0,2011-11-13 12:28:00,1,4.95
1085,16370.0,2011-04-28 16:40:00,1,16.50
1086,12399.0,2011-05-10 10:22:00,1,16.50
1087,17883.0,2011-12-06 17:49:00,1,9.90
1088,16571.0,2011-12-06 14:07:00,2,-23.10
1089,17500.0,2011-11-22 14:25:00,1,510.00
1090,13212.0,2011-11-20 12:40:00,1,13.05
1091,13870.0,2011-06-24 13:26:00,1,16.50
1092,16353.0,2011-09-09 12:41:00,1,45.00
1093,13881.0,2011-07-21 14:52:00,1,76.32
1094,14778.0,2011-02-04 11:43:00,1,15.00
1095,17749.0,2011-03-28 13:39:00,1,30.90
1096,17706.0,2011-07-14 13:41:00,3,52.15
1097,13148.0,2011-03-23 10:25:00,2,7.44
1098,18180.0,2011-12-05 08:39:00,4,102.90
1099,16409.0,2011-01-26 14:51:00,1,5.90
1100,16418.0,2011-10-26 12:39:00,2,27.05
1101,16714.0,2011-01-26 13:40:00,1,7.65
1102,14499.0,2011-11-13 13:01:00,2,10.94
1103,14878.0,2011-06-19 11:14:00,2,33.00
1104,17315.0,2011-12-08 12:15:00,7,116.20
1105,18069.0,2011-09-12 16:14:00,3,9.45
1106,14390.0,2011-10-14 12:56:00,2,18.20
1107,18102.0,2011-10-03 14:34:00,3,2774.88
1108,12971.0,2011-11-24 17:11:00,7,569.75
1109,13370.0,2010-12-03 10:26:00,1,19.90
1110,14806.0,2011-09-25 15:32:00,1,8.95
1111,15608.0,2011-08-11 09:56:00,1,15.00
1112,15609.0,2011-06-08 13:00:00,1,45.00
1113,17585.0,2011-08-22 13:30:00,2,38.64
1114,15111.0,2011-10-04 08:56:00,1,14.85
1115,13305.0,2011-09-08 10:02:00,2,55.65
1116,16764.0,2011-11-25 13:45:00,6,26.08
1117,16551.0,2011-01-07 10:24:00,1,14.85
1118,17837.0,2011-10-28 16:13:00,1,2.10
1119,15965.0,2011-11-11 10:50:00,1,5.00
1120,16070.0,2011-11-07 16:36:00,1,45.00
1121,13477.0,2011-05-12 13:10:00,1,53.40
1122,14553.0,2011-11-06 13:32:00,2,7.88
1123,14277.0,2011-11-24 15:01:00,2,55.18
1124,15296.0,2011-10-20 11:47:00,2,107.31
1125,15696.0,2011-11-06 14:02:00,1,4.15
1126,15533.0,2011-09-11 15:41:00,1,9.90
1127,14978.0,2011-09-28 13:07:00,1,11.90
1128,12901.0,2011-06-29 11:35:00,1,5.04
1129,14231.0,2011-02-24 11:55:00,1,19.90
1130,15576.0,2011-11-02 12:03:00,1,20.40
1131,12597.0,2011-10-30 13:06:00,2,32.00
1132,16891.0,2011-12-08 11:15:00,3,19.20
1133,17867.0,2011-11-09 14:11:00,1,2.00
1134,14000.0,2011-05-12 16:50:00,1,15.60
1135,15790.0,2011-11-29 14:53:00,1,1.17
1136,17298.0,2011-08-30 16:43:00,1,12.50
1137,14525.0,2011-10-27 15:49:00,4,209.80
1138,18225.0,2011-11-17 09:33:00,2,96.00
1139,12357.0,2011-11-06 16:07:00,1,39.60
1140,13001.0,2011-05-06 10:43:00,3,35.25
1141,16983.0,2011-11-27 12:10:00,2,36.75
1142,15656.0,2011-10-25 14:56:00,1,34.50
1143,16145.0,2011-12-01 10:33:00,4,39.60
1144,15747.0,2011-08-11 14:04:00,2,11.55
1145,16932.0,2011-10-17 14:12:00,1,5.05
1146,13141.0,2011-09-16 09:54:00,2,50.70
1147,17897.0,2010-12-07 15:54:00,1,2.10
1148,13453.0,2011-02-23 09:44:00,1,23.80
1149,14001.0,2010-12-01 12:58:00,1,51.00
1150,17299.0,2011-06-19 16:04:00,1,5.04
1151,16133.0,2011-08-16 08:58:00,4,289.17
1152,15434.0,2011-12-01 13:33:00,1,14.85
1153,14216.0,2011-11-23 13:24:00,2,23.94
1154,15514.0,2011-03-04 12:16:00,2,30.00
1155,16607.0,2011-05-16 09:58:00,1,45.00
1156,17863.0,2011-02-02 10:22:00,1,23.40
1157,12598.0,2011-11-30 12:18:00,1,33.00
1158,14965.0,2011-09-04 13:15:00,1,12.66
1159,13379.0,2011-11-13 13:45:00,1,5.20
1160,13774.0,2011-09-19 12:06:00,1,10.20
1161,17537.0,2011-02-09 13:37:00,1,17.70
1162,16383.0,2011-09-26 12:45:00,2,8.85
1163,12721.0,2011-06-09 17:53:00,2,30.40
1164,14866.0,2011-10-11 14:18:00,2,110.85
1165,14085.0,2011-10-25 16:14:00,5,42.36
1166,12726.0,2011-11-11 13:35:00,2,70.20
1167,13949.0,2011-12-07 09:35:00,2,19.68
1168,15122.0,2011-08-17 16:48:00,2,39.70
1169,17220.0,2011-10-24 13:50:00,5,34.40
1170,15024.0,2011-08-18 19:13:00,1,2.10
1171,17290.0,2011-12-06 12:38:00,2,10.95
1172,13637.0,2011-04-27 13:06:00,1,3.80
1173,17515.0,2011-05-17 14:03:00,2,12.50
1174,16474.0,2011-11-22 14:04:00,3,3.98
1175,17975.0,2011-08-17 10:59:00,4,56.70
1176,14875.0,2011-08-24 12:20:00,1,19.80
1177,12473.0,2011-10-17 11:27:00,2,157.50
1178,15860.0,2011-09-25 12:31:00,2,18.75
1179,15640.0,2011-12-05 14:35:00,5,125.61
1180,12937.0,2011-11-24 15:05:00,1,9.75
1181,15787.0,2011-11-13 14:55:00,3,10.78
1182,14770.0,2011-04-21 14:21:00,2,30.54
1183,16747.0,2011-11-02 11:37:00,1,54.08
1184,15511.0,2011-11-01 15:55:00,1,7.50
1185,13515.0,2011-08-14 13:21:00,1,15.00
1186,14016.0,2010-12-17 14:21:00,1,7.80
1187,15579.0,2011-01-30 12:09:00,1,14.15
1188,15099.0,2011-09-16 13:13:00,1,11.80
1189,13363.0,2011-10-27 10:46:00,1,10.20
1190,15051.0,2011-11-16 15:38:00,2,15.00
1191,17659.0,2011-11-22 13:29:00,4,54.93
1192,14224.0,2011-01-23 13:58:00,1,3.30
1193,12957.0,2011-09-29 12:01:00,3,56.35
1194,13320.0,2011-09-22 18:07:00,2,33.00
1195,13492.0,2011-07-01 08:55:00,2,49.50
1196,17673.0,2011-12-08 12:50:00,3,10.56
1197,16729.0,2011-11-03 19:11:00,6,109.84
1198,17960.0,2011-06-21 14:15:00,1,5.00
1199,18016.0,2011-11-07 13:25:00,2,10.85
1200,16049.0,2011-10-28 16:10:00,1,3.25
1201,16150.0,2011-10-28 12:39:00,1,29.70
1202,14397.0,2011-09-07 09:37:00,1,15.00
1203,12912.0,2011-10-30 11:35:00,1,42.96
1204,12883.0,2011-11-15 09:31:00,1,19.80
1205,16181.0,2011-09-27 13:38:00,1,11.90
1206,17935.0,2011-07-21 11:23:00,1,7.08
1207,14704.0,2011-10-23 16:19:00,4,8.79
1208,14121.0,2011-12-06 12:19:00,1,31.20
1209,15996.0,2011-02-27 15:59:00,2,18.70
1210,17014.0,2011-11-07 14:51:00,1,1.25
1211,17686.0,2011-12-02 15:39:00,6,160.72
1212,14375.0,2011-06-07 13:44:00,1,13.05
1213,15298.0,2011-09-08 08:56:00,1,40.50
1214,12683.0,2011-11-03 14:00:00,2,6.70
1215,15916.0,2011-11-09 16:33:00,2,19.40
1216,12544.0,2011-11-03 16:15:00,1,25.50
1217,17444.0,2011-06-20 09:04:00,1,12.70
1218,17381.0,2011-03-07 11:52:00,2,882.48
1219,13471.0,2011-12-04 11:45:00,2,62.60
1220,12686.0,2010-12-03 09:51:00,1,18.00
1221,16253.0,2011-10-04 09:09:00,1,50.40
1222,16755.0,2011-08-17 13:21:00,1,8.30
1223,14073.0,2011-11-07 15:49:00,1,10.20
1224,15952.0,2011-10-02 12:47:00,1,4.20
1225,14045.0,2011-01-06 08:52:00,1,244.80
1226,15201.0,2011-09-22 09:53:00,2,-19.31
1227,17613.0,2011-10-27 10:01:00,5,103.37
1228,14088.0,2011-11-29 16:16:00,4,1102.26
1229,15066.0,2011-10-17 13:25:00,1,17.40
1230,12830.0,2011-06-21 10:53:00,1,122.40
1231,13458.0,2011-11-16 15:10:00,4,152.10
1232,14465.0,2011-04-07 12:29:00,1,0.55
1233,15858.0,2011-02-23 13:21:00,2,8.20
1234,15634.0,2011-11-22 16:28:00,1,15.90
1235,14240.0,2011-11-09 13:45:00,1,6.96
1236,16392.0,2011-03-15 12:11:00,1,23.75
1237,16477.0,2011-07-31 12:47:00,3,48.30
1238,12589.0,2011-11-11 10:19:00,1,17.40
1239,15410.0,2011-03-23 10:15:00,1,102.00
1240,12910.0,2011-10-06 13:06:00,2,135.00
1241,17931.0,2011-07-28 18:33:00,2,9.45
1242,13986.0,2011-11-22 15:00:00,1,11.56
1243,18167.0,2011-11-16 15:56:00,1,15.00
1244,15809.0,2011-05-19 18:02:00,1,15.90
1245,14206.0,2011-04-14 16:38:00,1,23.40
1246,12375.0,2011-09-02 14:23:00,1,16.60
1247,17131.0,2011-09-25 12:42:00,1,15.60
1248,18228.0,2011-09-21 10:48:00,1,24.96
1249,17813.0,2011-11-25 16:13:00,3,20.50
1250,16003.0,2011-06-27 08:50:00,1,15.00
1251,16727.0,2010-12-10 13:48:00,1,5.10
1252,16745.0,2011-09-14 11:58:00,1,72.00
1253,14307.0,2011-09-12 09:37:00,2,74.28
1254,15163.0,2011-11-21 13:10:00,1,8.70
1255,16014.0,2011-07-10 16:29:00,1,4.80
1256,17779.0,2011-11-18 14:15:00,1,1.65
1257,17593.0,2011-09-09 09:52:00,3,90.16
1258,12378.0,2011-08-02 10:34:00,1,48.10
1259,14083.0,2011-12-05 13:14:00,3,29.55
1260,13448.0,2011-09-20 12:53:00,2,21.18
1261,17861.0,2011-12-06 16:21:00,2,23.10
1262,12616.0,2011-02-15 14:17:00,1,43.20
1263,15535.0,2011-06-19 16:02:00,1,2.55
1264,14817.0,2011-05-23 13:35:00,1,16.50
1265,14335.0,2011-09-04 13:07:00,1,10.50
1266,12432.0,2011-06-20 13:29:00,1,84.50
1267,12743.0,2011-07-28 16:21:00,2,4.15
1268,12679.0,2011-10-17 14:38:00,2,17.57
1269,16509.0,2011-02-16 09:25:00,1,35.40
1270,16010.0,2011-04-03 11:37:00,1,5.90
1271,17976.0,2010-12-02 13:49:00,1,1.25
1272,13276.0,2011-09-01 10:03:00,1,41.60
1273,16882.0,2011-10-04 10:42:00,2,24.45
1274,16347.0,2011-11-03 13:01:00,1,14.85
1275,15677.0,2011-10-21 15:36:00,1,15.00
1276,14794.0,2011-03-31 09:36:00,2,48.75
1277,13210.0,2011-09-07 08:18:00,1,10.20
1278,14326.0,2011-04-11 15:04:00,1,15.00
1279,14451.0,2011-05-29 12:35:00,1,4.95
1280,15433.0,2011-09-21 16:24:00,1,-11.55
1281,16368.0,2011-12-07 13:12:00,1,6.27
1282,15114.0,2011-11-09 15:05:00,2,32.02
1283,13732.0,2011-11-11 15:49:00,1,17.70
1284,13536.0,2011-12-04 11:55:00,2,25.05
1285,15412.0,2011-06-21 15:24:00,1,2.34
1286,14030.0,2011-11-21 16:48:00,2,12.50
1287,15712.0,2011-11-30 14:09:00,1,12.75
1288,17228.0,2011-11-24 10:24:00,3,24.44
1289,12547.0,2011-05-26 12:38:00,1,20.40
1290,16781.0,2010-12-02 14:26:00,1,20.25
1291,13495.0,2011-12-02 11:21:00,1,23.80
1292,15045.0,2011-07-11 11:33:00,1,3.48
1293,14104.0,2011-06-27 12:49:00,1,1.65
1294,17835.0,2011-12-07 11:48:00,1,2.60
1295,15653.0,2011-09-08 10:49:00,2,432.12
1296,13871.0,2011-10-17 12:12:00,2,47.40
1297,16907.0,2011-04-19 14:56:00,1,26.75
1298,15372.0,2011-07-25 16:39:00,1,122.40
1299,13064.0,2011-07-10 11:34:00,1,37.50
1300,15581.0,2011-04-26 13:05:00,3,12.90
1301,12794.0,2011-09-02 12:01:00,1,24.96
1302,14078.0,2011-08-30 12:16:00,1,9.00
1303,16705.0,2011-07-18 12:15:00,2,143.80
1304,16710.0,2011-09-26 16:15:00,3,14.41
1305,12572.0,2011-12-01 09:20:00,2,19.44
1306,12662.0,2011-10-18 09:24:00,4,41.70
1307,13028.0,2011-10-25 14:09:00,1,30.00
1308,13417.0,2011-12-05 08:49:00,1,22.50
1309,17295.0,2011-11-11 10:49:00,1,4.95
1310,13476.0,2011-03-03 14:43:00,1,11.60
1311,14092.0,2011-10-03 10:15:00,2,63.75
1312,14164.0,2011-09-20 12:18:00,1,77.80
1313,17765.0,2011-05-13 12:34:00,1,3.30
1314,12920.0,2011-11-22 15:05:00,1,4.95
1315,15707.0,2011-09-14 14:19:00,1,3.40
1316,13699.0,2011-07-07 16:51:00,1,15.90
1317,14701.0,2011-11-29 12:34:00,4,37.30
1318,15683.0,2011-08-14 12:56:00,1,19.80
1319,17389.0,2011-11-03 15:47:00,5,774.78
1320,16045.0,2011-02-22 14:55:00,1,17.70
1321,16817.0,2011-04-05 10:13:00,1,22.50
1322,17379.0,2011-11-28 13:56:00,1,10.50
1323,15898.0,2011-04-27 10:03:00,1,20.80
1324,15889.0,2010-12-05 15:12:00,1,9.24
1325,17999.0,2011-11-02 15:56:00,2,6.75
1326,15460.0,2010-12-20 16:08:00,1,0.85
1327,16076.0,2011-07-28 12:28:00,1,15.00
1328,14418.0,2011-08-23 17:18:00,1,6.05
1329,12646.0,2011-12-05 10:14:00,1,33.20
1330,17669.0,2011-05-13 13:29:00,1,29.70
1331,17660.0,2011-07-21 13:37:00,1,5.95
1332,17761.0,2011-11-07 10:23:00,1,14.04
1333,16143.0,2011-12-06 14:13:00,2,36.80
1334,16204.0,2011-11-16 13:40:00,1,4.25
1335,18263.0,2011-07-07 10:04:00,1,15.00
1336,13886.0,2011-09-29 13:17:00,1,16.60
1337,12370.0,2010-12-14 12:58:00,1,77.70
1338,14931.0,2011-11-17 09:25:00,2,48.00
1339,13178.0,2011-05-09 14:44:00,1,16.50
1340,14511.0,2011-11-06 14:38:00,2,26.00
1341,16105.0,2011-04-05 10:13:00,1,10.50
1342,17297.0,2011-11-22 14:43:00,1,4.15
1343,13572.0,2011-05-18 11:59:00,1,25.00
1344,17105.0,2011-07-03 15:53:00,2,14.56
1345,13680.0,2011-12-08 13:47:00,2,16.75
1346,13258.0,2011-11-16 13:27:00,1,44.55
1347,15676.0,2011-11-04 14:19:00,1,20.40
1348,13635.0,2011-10-03 10:55:00,1,17.40
1349,12502.0,2011-08-04 09:55:00,2,54.65
1350,15813.0,2011-04-14 09:09:00,1,15.60
1351,13510.0,2011-10-25 13:51:00,2,29.30
1352,14475.0,2011-06-06 13:06:00,2,67.50
1353,14904.0,2011-11-14 09:13:00,1,18.72
1354,16241.0,2011-09-04 13:16:00,2,7.05
1355,18237.0,2011-12-07 12:49:00,1,17.40
1356,14805.0,2011-11-24 16:20:00,1,16.50
1357,18065.0,2011-12-04 10:30:00,3,64.00
1358,16809.0,2011-07-26 14:24:00,1,2.75
1359,15847.0,2011-11-01 14:41:00,1,17.70
1360,16205.0,2011-11-02 16:37:00,1,3.30
1361,14555.0,2011-10-13 16:24:00,1,27.00
1362,14893.0,2011-11-28 10:49:00,1,30.12
1363,15292.0,2011-05-22 15:00:00,1,5.90
1364,12508.0,2011-11-13 15:37:00,2,18.75
1365,16322.0,2011-11-03 14:33:00,1,4.95
1366,13384.0,2011-09-13 13:49:00,1,60.00
1367,15994.0,2011-10-16 12:28:00,1,4.95
1368,15632.0,2011-03-10 08:29:00,1,17.00
1369,13075.0,2011-08-02 10:19:00,1,102.00
1370,14690.0,2011-10-26 15:39:00,1,4.25
1371,16496.0,2011-05-16 10:48:00,1,16.50
1372,17799.0,2011-06-29 12:46:00,2,17.63
1373,17047.0,2011-05-18 16:51:00,1,10.20
1374,13334.0,2011-06-02 11:33:00,2,54.03
1375,17700.0,2011-11-23 11:51:00,1,25.20
1376,13544.0,2011-04-13 12:09:00,1,0.42
1377,17574.0,2011-04-11 09:47:00,1,25.20
1378,17677.0,2011-05-11 12:43:00,3,173.70
1379,15406.0,2011-02-11 16:20:00,1,9.95
1380,16836.0,2011-10-31 10:05:00,1,14.94
1381,18071.0,2010-12-09 10:33:00,1,7.50
1382,17906.0,2011-04-06 17:25:00,1,7.50
1383,14808.0,2011-07-18 13:33:00,2,29.17
1384,15109.0,2011-04-08 09:58:00,1,17.85
1385,15402.0,2011-05-27 13:32:00,1,11.90
1386,16609.0,2011-11-24 13:32:00,2,35.70
1387,12749.0,2011-12-06 09:56:00,2,54.70
1388,12412.0,2011-06-23 13:51:00,1,10.00
1389,14755.0,2011-03-28 08:40:00,1,25.50
1390,13982.0,2011-01-17 13:08:00,2,30.00
1391,14124.0,2011-09-16 13:32:00,1,90.00
1392,13882.0,2011-12-07 11:16:00,1,9.36
1393,16330.0,2011-08-21 09:18:00,1,-3.75
1394,16460.0,2011-11-11 13:46:00,1,16.50
1395,15105.0,2011-09-14 11:41:00,1,13.20
1396,12556.0,2011-10-20 13:06:00,2,17.90
1397,12421.0,2011-01-24 15:09:00,1,5.04
1398,12585.0,2011-04-19 13:39:00,1,30.60
1399,14793.0,2011-11-18 14:50:00,1,19.80
1400,18230.0,2011-04-01 11:31:00,1,25.20
1401,17204.0,2011-04-12 15:32:00,1,15.90
1402,12824.0,2011-10-11 12:49:00,1,19.80
1403,17771.0,2011-01-20 14:13:00,1,3.75
1404,15004.0,2011-07-15 14:05:00,1,0.84
1405,17584.0,2011-12-02 17:12:00,1,29.70
1406,13045.0,2011-09-01 15:04:00,1,20.80
1407,14107.0,2011-09-04 15:20:00,1,17.40
1408,15789.0,2010-12-16 14:35:00,1,8.40
1409,16464.0,2011-11-20 12:11:00,2,7.55
1410,15192.0,2011-08-12 11:41:00,2,83.40
1411,18211.0,2011-10-27 13:36:00,1,14.85
1412,14165.0,2011-03-09 12:39:00,1,2.50
1413,12951.0,2011-12-01 12:14:00,2,35.40
1414,16602.0,2011-11-03 15:54:00,1,19.80
1415,17609.0,2011-10-30 12:14:00,2,14.19
1416,17716.0,2011-03-17 10:38:00,1,13.52
1417,18270.0,2011-04-13 12:39:00,1,-5.95
1418,15417.0,2011-09-15 15:26:00,1,20.80
1419,12530.0,2011-10-11 12:34:00,3,124.00
1420,13562.0,2011-09-19 10:51:00,1,16.50
1421,15975.0,2011-09-16 13:33:00,1,15.00
1422,13327.0,2011-11-01 10:21:00,2,66.00
1423,13655.0,2011-08-17 14:25:00,1,6.84
1424,16852.0,2011-06-16 15:49:00,1,39.95
1425,17644.0,2011-12-08 13:43:00,2,23.20
1426,15314.0,2011-05-24 14:39:00,1,15.00
1427,14655.0,2011-05-01 14:59:00,1,104.00
1428,16743.0,2011-11-10 13:13:00,2,13.38
1429,17090.0,2011-12-05 13:44:00,1,20.40
1430,12965.0,2011-09-11 15:31:00,1,10.68
1431,17905.0,2010-12-22 16:23:00,1,16.50
1432,13925.0,2011-07-28 12:09:00,1,16.60
1433,12417.0,2011-03-03 14:12:00,2,30.54
1434,17939.0,2011-07-03 12:27:00,1,25.20
1435,12365.0,2011-02-21 13:51:00,1,12.75
1436,14367.0,2011-11-08 17:21:00,3,44.20
1437,14664.0,2011-11-06 14:56:00,1,15.00
1438,15570.0,2011-11-29 15:24:00,3,29.55
1439,15907.0,2011-12-06 12:21:00,2,13.58
1440,15364.0,2011-09-05 09:46:00,1,38.40
1441,17109.0,2011-11-04 13:40:00,2,16.40
1442,16985.0,2011-03-16 10:25:00,1,49.50
1443,13034.0,2011-10-16 12:21:00,1,15.00
1444,14321.0,2011-11-29 09:47:00,2,30.66
1445,15507.0,2011-06-21 11:19:00,1,6.42
1446,16532.0,2011-07-27 10:41:00,1,2232.00
1447,15010.0,2011-11-04 12:42:00,1,22.50
1448,16188.0,2011-10-26 12:19:00,3,42.66
1449,17068.0,2011-09-06 12:10:00,2,41.60
1450,15984.0,2011-12-05 16:05:00,2,26.85
1451,14673.0,2011-11-02 12:15:00,1,20.28
1452,12577.0,2011-11-04 13:24:00,2,6.50
1453,17796.0,2011-01-30 12:42:00,2,21.60
1454,17965.0,2011-11-02 09:31:00,2,19.75
1455,18078.0,2011-03-25 15:08:00,1,19.80
1456,15484.0,2011-11-21 17:00:00,2,22.68
1457,16770.0,2010-12-02 15:49:00,1,25.20
1458,17359.0,2011-11-28 14:37:00,1,19.90
1459,16869.0,2011-10-19 12:34:00,1,15.30
1460,12423.0,2011-05-23 10:48:00,2,31.00
1461,13571.0,2011-11-13 12:47:00,3,16.38
1462,15530.0,2011-04-07 11:16:00,1,3.48
1463,13623.0,2011-05-13 16:12:00,2,15.10
1464,17422.0,2011-11-23 13:27:00,1,15.00
1465,16466.0,2011-11-06 11:35:00,3,16.35
1466,13381.0,2011-09-11 15:35:00,2,42.84
1467,17873.0,2011-04-13 14:21:00,1,88.80
1468,16399.0,2011-11-20 16:12:00,1,5.90
1469,17158.0,2010-12-14 13:03:00,1,15.00
1470,16365.0,2011-11-02 15:33:00,1,8.25
1471,16969.0,2011-10-31 13:12:00,1,15.00
1472,18116.0,2011-04-03 14:24:00,1,5.75
1473,14110.0,2011-05-03 13:39:00,1,25.20
1474,13013.0,2011-12-08 15:01:00,5,194.00
1475,13316.0,2011-07-31 11:48:00,1,1.49
1476,14356.0,2011-09-19 14:43:00,1,17.40
1477,12890.0,2011-11-15 17:26:00,1,3.30
1478,15028.0,2011-10-28 11:33:00,1,4.20
1479,13313.0,2011-01-04 10:00:00,1,10.50
1480,12847.0,2011-11-17 13:16:00,1,2.90
1481,15303.0,2011-02-22 13:59:00,1,15.30
1482,13447.0,2011-11-06 11:56:00,1,12.50
1483,13350.0,2011-09-21 13:33:00,1,13.00
1484,15918.0,2011-06-02 11:42:00,1,35.70
1485,16202.0,2010-12-14 10:43:00,1,14.85
1486,13373.0,2011-10-10 10:51:00,1,35.10
1487,17126.0,2011-07-10 13:32:00,2,6.10
1488,15827.0,2011-07-28 12:19:00,1,-12.75
1489,15349.0,2011-06-05 15:46:00,1,9.95
1490,12947.0,2011-06-09 10:20:00,1,11.70
1491,12545.0,2011-03-25 12:04:00,1,15.00
1492,16984.0,2011-08-01 17:37:00,1,13.30
1493,18044.0,2011-11-03 08:56:00,2,47.40
1494,12769.0,2011-04-15 10:25:00,1,66.00
1495,16298.0,2011-10-19 09:58:00,1,19.90
1496,16316.0,2011-10-06 13:48:00,2,92.00
1497,14529.0,2011-10-10 15:27:00,2,3.68
1498,14314.0,2011-08-25 10:39:00,1,9.36
1499,14921.0,2011-11-09 13:17:00,2,40.90
1500,12713.0,2011-12-09 12:16:00,1,10.50
1501,16168.0,2011-09-26 09:28:00,2,32.80
1502,15067.0,2011-03-02 12:10:00,1,17.00
1503,14050.0,2011-11-08 10:00:00,1,30.00
1504,16875.0,2011-10-03 13:39:00,2,25.08
1505,13153.0,2011-12-04 12:14:00,1,14.04
1506,15449.0,2011-11-13 15:02:00,1,15.60
1507,16968.0,2011-12-05 15:02:00,1,21.84
1508,15483.0,2011-03-18 12:26:00,1,4.95
1509,15416.0,2011-04-14 10:54:00,2,30.30
1510,12397.0,2011-11-04 09:52:00,2,35.28
1511,14515.0,2011-06-01 12:54:00,1,18.72
1512,18122.0,2011-10-16 13:08:00,1,22.95
1513,17966.0,2011-07-11 15:28:00,2,42.00
1514,17731.0,2011-09-21 15:02:00,1,19.80
1515,15069.0,2011-06-13 14:16:00,1,43.65
1516,16971.0,2011-11-01 15:06:00,1,3.53
1517,17371.0,2011-11-22 13:25:00,1,2.50
1518,16221.0,2011-11-03 11:43:00,1,9.95
1519,17542.0,2011-03-15 11:45:00,1,2.50
1520,12395.0,2011-10-04 13:45:00,1,15.00
1521,14204.0,2011-12-07 13:38:00,1,1.68
1522,14959.0,2011-05-08 11:38:00,1,7.50
1523,16582.0,2011-08-18 17:02:00,1,162.72
1524,14640.0,2011-04-26 12:31:00,1,14.85
1525,16775.0,2011-10-13 15:23:00,2,20.00
1526,14035.0,2011-10-23 15:45:00,1,2.52
1527,13200.0,2011-09-26 14:00:00,1,41.75
1528,15014.0,2011-10-27 20:07:00,1,4.25
1529,15128.0,2011-05-04 12:32:00,1,15.00
1530,13322.0,2011-11-22 14:21:00,1,13.75
1531,15215.0,2011-10-24 11:40:00,2,34.70
1532,17463.0,2011-11-23 13:40:00,2,24.15
1533,15978.0,2011-09-23 15:21:00,1,13.20
1534,17198.0,2010-12-09 13:34:00,2,6.29
1535,17972.0,2011-04-12 12:16:00,1,15.95
1536,15839.0,2011-07-14 16:35:00,1,15.00
1537,15622.0,2011-04-28 13:35:00,1,17.00
1538,17042.0,2011-08-10 13:19:00,1,11.70
1539,16546.0,2011-02-22 11:20:00,1,39.60
1540,15472.0,2011-08-18 15:17:00,1,3.38
1541,17213.0,2010-12-21 09:34:00,1,17.85
1542,16160.0,2011-10-06 18:30:00,2,14.56
1543,17442.0,2011-09-07 12:19:00,2,35.40
1544,12940.0,2011-10-16 12:09:00,2,26.48
1545,16795.0,2010-12-09 14:08:00,1,4.25
1546,14856.0,2011-10-14 09:35:00,1,18.00
1547,14514.0,2011-01-12 15:22:00,1,8.50
1548,17974.0,2011-10-26 15:17:00,1,7.90
1549,14494.0,2011-11-14 09:21:00,1,39.96
1550,12886.0,2011-05-10 16:27:00,1,-2.49
1551,13963.0,2011-01-04 11:48:00,1,20.40
1552,14594.0,2010-12-01 13:54:00,1,14.75
1553,17739.0,2011-11-01 15:19:00,2,77.10
1554,18151.0,2011-07-28 11:35:00,1,19.80
1555,12710.0,2011-09-04 12:00:00,1,6.96
1556,17194.0,2010-12-14 12:06:00,1,12.75
1557,17486.0,2011-03-23 14:00:00,1,25.20
1558,17400.0,2011-08-05 15:38:00,1,11.20
1559,14881.0,2011-11-20 11:06:00,1,30.00
1560,12484.0,2011-11-04 15:18:00,2,38.80
1561,15513.0,2011-10-30 10:29:00,4,216.30
1562,12933.0,2011-11-15 16:38:00,1,1.65
1563,16232.0,2011-07-19 13:01:00,1,49.50
1564,15762.0,2011-10-05 16:15:00,2,25.70
1565,15553.0,2011-10-10 14:02:00,1,5.42
1566,14105.0,2011-04-14 17:58:00,1,15.30
1567,16326.0,2011-11-24 11:57:00,3,48.75
1568,13118.0,2011-03-31 19:12:00,1,59.40
1569,15258.0,2011-06-24 12:30:00,1,15.00
1570,12970.0,2011-12-02 14:26:00,1,2.08
1571,14507.0,2011-03-08 17:23:00,1,51.00
1572,17637.0,2011-08-16 13:25:00,1,13.52
1573,12834.0,2011-03-02 09:49:00,1,15.90
1574,15456.0,2010-12-15 15:34:00,1,12.00
1575,14578.0,2011-12-06 17:18:00,1,4.95
1576,16589.0,2011-07-01 13:31:00,1,6.96
1577,12388.0,2011-03-09 15:47:00,1,29.70
1578,12609.0,2011-06-06 15:31:00,1,17.70
1579,13265.0,2011-09-12 09:36:00,1,78.96
1580,17504.0,2011-05-17 12:59:00,3,27.60
1581,12657.0,2011-11-28 15:43:00,2,2.90
1582,14577.0,2011-11-27 12:47:00,1,5.00
1583,14692.0,2011-02-13 13:15:00,1,4.35
1584,13790.0,2011-12-05 15:48:00,1,17.40
1585,13292.0,2011-02-28 15:00:00,1,19.90
1586,14662.0,2011-04-19 12:26:00,2,13.20
1587,15032.0,2010-12-08 12:57:00,1,13.80
1588,16206.0,2011-10-16 10:41:00,1,9.90
1589,17357.0,2011-11-15 16:29:00,1,3.75
1590,15933.0,2011-09-29 16:42:00,1,10.50
1591,17520.0,2011-10-17 12:04:00,1,24.96
1592,12673.0,2011-12-04 13:55:00,1,8.50
1593,17892.0,2011-07-07 12:56:00,1,10.19
1594,12708.0,2011-06-13 10:33:00,2,27.90
1595,12915.0,2010-12-02 12:33:00,1,25.50
1596,15932.0,2011-05-09 12:39:00,1,37.92
1597,17191.0,2011-09-06 12:15:00,2,7.08
1598,15810.0,2011-09-21 17:01:00,1,-13.20
1599,16539.0,2010-12-16 16:42:00,1,15.90
1600,15838.0,2011-10-06 11:53:00,2,876.00
1601,18005.0,2011-12-06 11:51:00,2,7.39
1602,15144.0,2011-01-31 13:17:00,1,25.50
1603,15462.0,2011-09-06 13:11:00,1,15.00
1604,16497.0,2011-10-21 10:55:00,1,15.00
1605,13532.0,2011-11-06 12:25:00,1,3.30
1606,15574.0,2010-12-16 12:42:00,1,2.25
1607,16230.0,2011-05-03 15:12:00,1,7.80
1608,14388.0,2011-11-29 13:32:00,2,42.66
1609,16899.0,2010-12-14 13:11:00,1,1.25
1610,17928.0,2011-04-07 18:03:00,1,1.25
1611,16612.0,2011-02-01 10:38:00,1,15.30
1612,14981.0,2011-04-07 13:45:00,1,15.60
1613,12963.0,2011-11-16 11:48:00,1,35.40
1614,17733.0,2011-11-01 08:16:00,1,15.00
1615,13801.0,2011-10-04 10:15:00,1,11.70
1616,16303.0,2011-08-16 11:04:00,1,26.40
1617,13873.0,2011-05-05 09:13:00,1,15.90
1618,15556.0,2011-11-15 16:08:00,1,6.75
1619,16616.0,2011-07-05 13:38:00,1,19.80
1620,13566.0,2011-10-30 11:59:00,2,28.85
1621,17527.0,2011-08-22 10:15:00,1,15.00
1622,17387.0,2011-11-20 11:00:00,1,13.05
1623,15281.0,2011-06-06 11:38:00,1,-5.10
1624,17744.0,2011-12-06 12:11:00,1,46.80
1625,14135.0,2011-11-07 16:30:00,2,25.14
1626,17819.0,2010-12-03 14:26:00,1,42.00
1627,12849.0,2011-11-08 13:41:00,1,4.95
1628,15046.0,2011-11-30 15:50:00,1,2.89
1629,14842.0,2011-10-27 12:37:00,1,37.14
1630,18129.0,2011-04-10 14:16:00,1,1.50
1631,17979.0,2011-11-04 12:05:00,1,1.25
1632,16389.0,2011-10-17 14:41:00,2,76.20
1633,13437.0,2011-11-08 14:02:00,1,16.50
1634,14447.0,2011-05-27 14:29:00,1,16.60
1635,13748.0,2011-04-21 14:30:00,1,15.00
1636,15598.0,2011-10-17 16:04:00,1,17.70
1637,14913.0,2010-12-15 14:35:00,1,12.60
1638,13534.0,2011-02-08 10:17:00,1,8.50
1639,12877.0,2011-06-15 13:34:00,2,6.70
1640,12652.0,2011-01-12 15:00:00,1,14.85
1641,14740.0,2011-03-01 08:35:00,1,10.20
1642,12347.0,2011-04-07 10:43:00,2,32.00
1643,17722.0,2010-12-08 12:41:00,1,10.50
1644,13769.0,2011-08-09 10:47:00,1,17.70
1645,15674.0,2011-09-27 15:17:00,1,20.80
1646,15951.0,2011-02-27 11:57:00,1,15.00
1647,14733.0,2011-03-14 12:58:00,1,71.40
1648,14413.0,2010-12-12 13:37:00,1,7.50
1649,16279.0,2011-09-13 16:26:00,1,8.85
1650,15471.0,2011-12-07 14:12:00,1,2.55
1651,14503.0,2011-12-06 13:30:00,2,23.50
1652,13552.0,2011-08-05 15:45:00,1,17.34
1653,14488.0,2011-10-03 09:30:00,1,13.28
1654,16311.0,2011-10-21 13:13:00,1,32.40
1655,14975.0,2011-10-13 14:08:00,1,11.70
1656,15065.0,2011-06-28 11:44:00,2,64.63
1657,14338.0,2011-05-27 13:30:00,1,19.80
1658,14439.0,2011-01-24 11:39:00,1,79.20
1659,14019.0,2011-10-24 10:13:00,2,30.00
1660,15240.0,2011-10-26 09:50:00,1,13.28
1661,18265.0,2011-09-28 14:10:00,1,19.90
1662,15967.0,2011-11-16 15:41:00,1,7.65
1663,13975.0,2011-07-29 14:13:00,1,17.00
1664,12997.0,2011-01-26 15:49:00,1,15.80
1665,14191.0,2011-06-30 14:37:00,1,10.20
1666,13500.0,2011-08-09 12:20:00,1,15.00
1667,16357.0,2011-11-06 16:04:00,1,15.00
1668,14111.0,2011-09-15 16:11:00,1,-4.25
1669,14715.0,2011-11-15 12:10:00,1,8.50
1670,16859.0,2011-07-18 12:19:00,2,52.28
1671,12619.0,2011-09-23 09:00:00,1,9.12
1672,15116.0,2011-07-28 09:48:00,1,61.20
1673,13808.0,2011-12-04 12:18:00,1,19.80
1674,13590.0,2011-07-12 10:46:00,1,16.60
1675,12668.0,2011-11-28 10:56:00,1,38.04
1676,13771.0,2011-10-06 14:17:00,1,17.40
1677,17885.0,2011-11-27 14:40:00,1,1.25
1678,15440.0,2011-05-15 11:30:00,1,2.10
1679,13343.0,2011-06-15 12:24:00,1,20.80
1680,14226.0,2011-09-30 11:45:00,2,115.50
1681,16169.0,2011-09-25 11:33:00,1,9.36
1682,13570.0,2011-04-10 13:36:00,1,2.25
1683,16271.0,2011-07-20 11:22:00,1,32.82
1684,15291.0,2011-06-20 17:18:00,3,51.55
1685,13576.0,2011-02-22 09:11:00,1,162.72
1686,15671.0,2011-03-14 09:37:00,1,17.70
1687,14359.0,2011-10-28 08:58:00,1,11.50
1688,16892.0,2011-12-08 13:18:00,1,1.58
1689,15108.0,2011-07-21 10:24:00,1,15.00
1690,16676.0,2011-11-06 12:01:00,2,30.80
1691,17490.0,2011-06-16 09:15:00,1,15.00
1692,15373.0,2011-12-01 15:05:00,1,12.50
1693,15665.0,2011-06-24 14:57:00,2,33.00
1694,17783.0,2011-09-28 16:07:00,1,5.04
1695,15408.0,2011-03-20 15:02:00,1,3.80
1696,16693.0,2011-10-02 11:10:00,1,10.08
1697,13431.0,2011-09-12 11:25:00,1,20.80
1698,16723.0,2011-08-24 11:31:00,1,39.84
1699,13659.0,2011-05-26 19:56:00,1,-7.95
1700,13259.0,2011-10-09 10:48:00,1,6.25
1701,17054.0,2011-04-18 14:32:00,1,17.00
1702,13107.0,2011-06-17 08:57:00,1,13.20
1703,14544.0,2011-11-15 15:06:00,1,61.50
1704,17531.0,2011-06-02 19:17:00,1,15.90
1705,16136.0,2011-10-11 09:10:00,1,15.00
1706,17123.0,2011-07-01 10:47:00,1,30.00
1707,15290.0,2011-10-28 12:40:00,1,51.00
1708,15411.0,2011-11-13 15:19:00,1,35.78
1709,16584.0,2011-03-30 13:14:00,1,24.96
1710,16052.0,2011-10-16 15:13:00,1,8.85
1711,12583.0,2011-11-08 12:45:00,2,73.20
1712,17774.0,2011-07-17 12:32:00,1,5.85
1713,16013.0,2011-06-08 13:00:00,1,207.50
1714,15367.0,2011-10-13 14:13:00,2,39.75
1715,15149.0,2011-07-29 10:58:00,1,15.90
1716,16123.0,2011-10-19 09:18:00,1,10.20
1717,17051.0,2011-05-29 14:13:00,1,6.60
1718,18178.0,2011-05-04 10:15:00,1,15.00
1719,13134.0,2011-04-13 12:57:00,1,25.50
1720,14024.0,2011-08-07 13:31:00,1,20.80
1721,17385.0,2011-11-25 11:02:00,1,25.00
1722,15549.0,2011-09-23 16:22:00,1,7.80
1723,12648.0,2011-07-08 11:55:00,1,11.70
1724,17612.0,2011-09-05 14:07:00,2,25.48
1725,14040.0,2011-10-09 13:58:00,1,18.75
1726,14382.0,2011-11-13 16:18:00,1,2.50
1727,15983.0,2011-11-17 17:34:00,1,4.25
1728,16053.0,2011-08-09 14:57:00,1,31.22
1729,14282.0,2011-09-19 14:55:00,2,13.30
1730,15213.0,2011-01-14 11:05:00,1,36.00
1731,14081.0,2010-12-05 15:47:00,1,10.08
1732,13601.0,2011-05-12 16:52:00,1,16.50
1733,17234.0,2011-06-10 11:20:00,1,14.85
1734,12596.0,2011-04-11 13:22:00,1,25.50
1735,17019.0,2011-11-28 13:06:00,1,2.95
1736,16236.0,2011-09-22 14:10:00,1,65.70
1737,12678.0,2011-10-28 07:39:00,2,270.60
1738,12709.0,2011-09-29 15:58:00,1,56.25
1739,18198.0,2011-08-31 11:50:00,1,29.70
1740,12374.0,2011-11-14 15:37:00,1,9.96
1741,16672.0,2011-06-16 10:48:00,1,46.80
1742,18011.0,2010-12-01 17:35:00,1,1.65
1743,18160.0,2011-05-23 13:41:00,1,19.80
1744,14068.0,2011-01-23 16:02:00,1,5.90
1745,17233.0,2011-11-04 14:06:00,1,4.50
1746,12650.0,2011-12-06 16:34:00,1,8.50
1747,17946.0,2011-04-20 17:00:00,1,5.90
1748,14211.0,2011-09-20 15:49:00,1,19.80
1749,15452.0,2011-03-20 15:21:00,1,4.70
1750,13122.0,2011-04-13 14:12:00,1,9.96
1751,16721.0,2011-03-22 16:08:00,1,2.60
1752,14775.0,2011-07-25 12:12:00,1,19.80
1753,12581.0,2011-10-31 08:56:00,1,9.96
1754,16934.0,2011-10-16 12:25:00,1,4.25
1755,12639.0,2011-04-15 12:48:00,1,30.00
1756,17166.0,2011-05-20 08:18:00,1,15.00
1757,18168.0,2010-12-02 18:08:00,1,1.70
1758,12349.0,2011-11-21 09:51:00,1,32.28
1759,17406.0,2011-01-10 14:57:00,1,12.90
1760,17418.0,2011-01-20 11:39:00,1,23.60
1761,14258.0,2011-11-30 15:27:00,1,183.60
1762,14157.0,2011-02-27 13:04:00,1,1.65
1763,13991.0,2011-09-25 13:47:00,1,3.50
1764,13271.0,2011-11-02 14:31:00,1,0.39
1765,16788.0,2011-08-08 14:53:00,1,2.08
1766,15075.0,2011-09-23 12:27:00,1,39.60
1767,15414.0,2011-11-30 09:50:00,1,24.96
1768,17768.0,2011-11-06 14:14:00,1,56.25
1769,15438.0,2011-07-31 14:19:00,1,7.90
1770,15919.0,2011-11-20 11:28:00,1,1.65
1771,17075.0,2011-11-22 11:58:00,1,15.90
1772,17522.0,2011-07-24 12:29:00,1,1.25
1773,13850.0,2011-08-02 14:04:00,1,16.50
1774,12625.0,2011-01-24 13:27:00,1,106.20
1775,15981.0,2011-02-01 13:50:00,1,67.50
1776,14162.0,2011-06-19 11:36:00,1,17.00
1777,15287.0,2011-11-17 15:34:00,1,35.70
1778,13736.0,2011-03-24 13:04:00,1,0.58
1779,13218.0,2011-08-04 16:59:00,1,19.80
1780,16725.0,2011-01-27 16:49:00,1,2.95
1781,12815.0,2011-05-25 13:34:00,1,15.00
1782,17287.0,2011-07-19 14:59:00,1,19.80
1783,13117.0,2011-05-06 10:45:00,1,1.92
1784,14710.0,2011-10-30 13:09:00,1,1.25
1785,14126.0,2011-11-29 12:21:00,1,14.95
1786,13176.0,2011-10-24 15:43:00,1,0.85
1787,14379.0,2011-02-17 15:03:00,1,11.70
1788,14829.0,2010-12-02 16:12:00,1,5.04
1789,18156.0,2011-11-27 12:24:00,1,19.80
1790,15365.0,2011-11-14 08:28:00,2,-4.40
1791,16050.0,2011-06-19 11:44:00,1,8.64
1792,13647.0,2011-09-29 13:21:00,1,16.50
1793,14798.0,2011-07-18 14:40:00,1,15.00
1794,17697.0,2011-04-17 15:40:00,1,17.00
1795,15073.0,2011-06-07 12:00:00,1,12.50
1796,16380.0,2011-10-09 15:40:00,1,1.25
1797,17447.0,2011-09-29 10:10:00,1,27.04
1798,12747.0,2011-12-07 14:34:00,1,39.60
1799,12538.0,2011-11-10 17:16:00,1,10.08
1800,15235.0,2011-02-03 15:27:00,2,27.50
1801,12759.0,2011-10-18 14:49:00,1,23.40
1802,15110.0,2011-01-25 11:41:00,1,17.85
1803,18210.0,2011-10-19 15:29:00,1,27.29
1804,17704.0,2011-04-14 09:28:00,1,16.60
1805,16750.0,2011-07-26 17:27:00,1,2.90
1806,16531.0,2011-02-18 14:21:00,1,9.90
1807,13301.0,2011-02-20 13:13:00,1,7.65
1808,12381.0,2011-08-12 09:57:00,1,21.64
1809,15976.0,2011-06-27 13:00:00,1,2.10
1810,13015.0,2011-04-04 14:28:00,1,9.90
1811,12851.0,2011-09-04 12:41:00,1,2.55
1812,16332.0,2011-09-28 14:43:00,2,20.88
1813,14905.0,2011-07-05 12:41:00,1,81.60
1814,17459.0,2011-10-10 17:00:00,1,6.25
1815,13743.0,2011-07-07 15:31:00,1,41.76
1816,13124.0,2011-04-01 14:58:00,1,11.70
1817,16340.0,2011-08-24 14:53:00,1,0.87
1818,13782.0,2011-11-27 11:54:00,1,17.40
1819,16952.0,2011-08-22 12:58:00,1,22.45
1820,15211.0,2011-10-10 13:31:00,1,15.80
1821,17031.0,2011-11-28 10:23:00,1,16.50
1822,15199.0,2011-09-06 10:12:00,1,49.05
1823,12854.0,2011-04-12 14:17:00,1,9.90
1824,12843.0,2011-05-10 11:04:00,1,3.25
1825,15466.0,2011-09-15 14:08:00,1,0.42
1826,15398.0,2011-11-23 16:47:00,1,16.50
1827,17514.0,2011-08-03 15:45:00,1,4.25
1828,12879.0,2011-10-26 12:24:00,1,37.44
1829,15757.0,2011-10-05 12:14:00,1,15.00
1830,16834.0,2011-04-26 09:37:00,1,10.20
1831,16912.0,2011-01-20 15:42:00,1,17.70
1832,17247.0,2011-11-24 15:21:00,1,6.30
1833,15038.0,2011-04-10 11:45:00,1,11.25
1834,17173.0,2011-12-04 14:40:00,2,132.60
1835,17458.0,2011-11-24 13:01:00,1,3.95
1836,17410.0,2011-05-08 15:21:00,1,15.00
1837,14141.0,2011-09-23 09:19:00,2,9.90
1838,17555.0,2011-01-09 12:31:00,1,3.75
1839,14620.0,2011-05-18 11:58:00,1,4.56
1840,13404.0,2011-05-11 11:57:00,1,22.50
1841,14218.0,2011-10-28 10:00:00,1,9.36
1842,12842.0,2011-09-30 15:33:00,1,17.40
1843,16366.0,2011-11-21 08:19:00,1,10.50
1844,16108.0,2011-09-16 11:48:00,1,15.00
1845,13681.0,2011-11-13 15:25:00,1,8.85
1846,12569.0,2011-11-15 10:13:00,1,9.95
1847,12885.0,2011-08-08 11:45:00,1,13.20
1848,13059.0,2011-04-04 10:40:00,1,17.70
1849,17027.0,2011-01-26 14:19:00,1,6.60
1850,17114.0,2011-06-26 16:06:00,1,5.10
1851,14533.0,2011-09-11 15:35:00,1,4.56
1852,16513.0,2011-11-20 13:39:00,1,5.04
1853,17675.0,2011-07-20 13:26:00,2,114.70
1854,17402.0,2011-06-26 11:01:00,2,47.75
1855,16720.0,2011-11-13 16:22:00,1,8.25
1856,16153.0,2011-10-21 10:50:00,1,15.00
1857,13999.0,2011-07-06 15:53:00,2,28.60
1858,15274.0,2011-11-21 14:17:00,1,4.68
1859,17348.0,2011-11-11 11:11:00,1,1.25
1860,17286.0,2011-11-18 12:47:00,1,0.39
1861,15060.0,2011-11-30 14:03:00,1,9.96
1862,16776.0,2011-10-10 13:04:00,1,4.25
1863,15376.0,2011-05-01 13:45:00,1,15.30
1864,16628.0,2011-04-19 08:55:00,1,15.90
1865,14229.0,2011-10-19 10:04:00,2,0.00
1866,16762.0,2011-11-20 11:43:00,2,31.35
1867,16367.0,2011-11-02 13:13:00,1,4.56
1868,15950.0,2011-08-25 14:13:00,1,23.85
1869,17076.0,2010-12-10 10:08:00,1,17.40
1870,16592.0,2011-07-26 11:38:00,1,10.20
1871,13863.0,2011-04-06 10:20:00,1,17.40
1872,13278.0,2011-10-30 11:49:00,1,10.50
1873,18236.0,2011-09-21 09:22:00,1,17.85
1874,13741.0,2011-06-09 07:53:00,1,14.22
1875,18193.0,2011-06-27 13:58:00,1,17.40
1876,15123.0,2011-12-02 13:12:00,2,22.74
1877,16897.0,2011-01-30 11:52:00,1,9.95
1878,14248.0,2011-01-25 14:45:00,1,15.00
1879,17949.0,2011-10-14 12:19:00,1,108.00
1880,12738.0,2010-12-02 18:27:00,1,10.20
1881,12942.0,2011-07-31 14:39:00,1,0.39
1882,13992.0,2011-11-09 15:23:00,1,8.50
1883,15220.0,2011-08-16 14:28:00,1,15.00
1884,15527.0,2011-09-11 12:56:00,1,2.55
1885,15251.0,2011-09-09 15:53:00,2,147.60
1886,16900.0,2011-10-07 13:17:00,1,8.85
1887,13890.0,2011-08-24 13:12:00,1,15.00
1888,14047.0,2011-12-01 11:43:00,1,14.85
1889,15388.0,2011-03-14 13:53:00,1,10.40
1890,15117.0,2011-05-08 12:38:00,1,16.50
1891,17663.0,2011-11-14 08:56:00,1,15.00
1892,18251.0,2011-09-13 15:03:00,1,138.24
1893,16407.0,2011-05-29 14:28:00,1,7.50
1894,15652.0,2011-09-09 14:22:00,1,9.90
1895,15582.0,2011-11-15 09:55:00,1,17.70
1896,15930.0,2011-10-03 14:52:00,1,20.80
1897,14132.0,2011-12-07 13:35:00,1,15.00
1898,12358.0,2011-07-12 10:04:00,1,15.00
1899,15980.0,2011-09-12 09:39:00,1,51.00
1900,14419.0,2010-12-10 10:56:00,1,5.00
1901,13507.0,2011-12-06 13:13:00,2,11.52
1902,15821.0,2011-10-09 13:28:00,1,9.96
1903,12923.0,2011-10-06 16:20:00,1,3.95
1904,15437.0,2011-03-22 13:11:00,1,5.90
1905,18036.0,2011-11-07 14:40:00,1,3.30
1906,14766.0,2011-03-28 13:28:00,1,19.80
1907,16806.0,2011-06-23 11:46:00,1,7.50
1908,14745.0,2011-06-08 08:26:00,1,20.80
1909,14972.0,2011-08-03 14:54:00,1,5.95
1910,15252.0,2011-11-03 13:30:00,1,15.00
1911,14815.0,2011-10-03 11:36:00,1,10.20
1912,15288.0,2011-03-20 14:35:00,1,44.55
1913,16800.0,2011-11-28 14:06:00,1,3.95
1914,14331.0,2011-07-27 15:14:00,1,19.80
1915,12490.0,2011-11-02 14:51:00,1,25.00
1916,14443.0,2011-10-17 10:10:00,1,18.75
1917,16433.0,2011-11-11 14:09:00,1,7.50
1918,16054.0,2011-07-17 13:08:00,1,8.25
1919,12712.0,2011-07-15 13:10:00,1,19.80
1920,13240.0,2010-12-09 12:49:00,1,3.75
1921,12633.0,2011-08-02 09:35:00,1,20.80
1922,14408.0,2011-08-01 11:23:00,1,9.90
1923,16359.0,2011-06-16 18:19:00,1,3.30
1924,16017.0,2011-10-23 12:56:00,1,4.20
1925,17250.0,2011-03-23 16:45:00,1,6.30
1926,16719.0,2010-12-06 12:06:00,1,36.70
1927,13249.0,2011-09-07 16:27:00,1,7.90
1928,14948.0,2011-09-02 14:39:00,1,19.80
1929,12607.0,2011-10-10 16:06:00,1,35.04
1930,12893.0,2011-11-09 12:34:00,1,12.48
1931,12994.0,2011-03-16 08:31:00,1,15.90
1932,13308.0,2011-05-20 13:13:00,1,19.80
1933,12778.0,2011-01-31 14:35:00,1,15.00
1934,17693.0,2011-07-25 15:48:00,1,15.00
1935,14855.0,2011-08-12 14:02:00,1,49.50
1936,15855.0,2011-06-09 10:09:00,1,2.95
1937,14482.0,2011-11-21 13:14:00,1,17.40
1938,14309.0,2011-12-01 13:33:00,1,15.80
1939,16113.0,2011-06-09 16:16:00,1,2.95
1940,15321.0,2011-09-30 09:39:00,2,65.40
1941,15891.0,2011-04-27 12:35:00,1,4.25
1942,12576.0,2011-02-08 11:31:00,1,15.80
1943,17188.0,2011-06-28 14:50:00,1,17.40
1944,16324.0,2011-08-03 12:54:00,1,1.65
1945,17962.0,2011-07-20 14:16:00,1,7.50
1946,13756.0,2011-05-18 09:23:00,1,14.85
1947,17125.0,2011-10-20 14:41:00,1,4.15
1948,13242.0,2011-08-19 12:53:00,1,20.80
1949,12993.0,2011-02-14 14:29:00,1,9.90
1950,18034.0,2011-11-18 12:08:00,1,2.08
1951,16735.0,2011-09-02 10:20:00,1,53.10
1952,16226.0,2011-05-16 11:31:00,1,13.92
1953,16012.0,2011-08-03 11:44:00,1,5.85
1954,15031.0,2011-11-09 17:44:00,1,7.50
1955,12453.0,2011-07-28 14:08:00,1,14.85
1956,14973.0,2011-04-28 12:22:00,1,17.40
1957,13955.0,2011-07-08 17:19:00,1,11.80
1958,12816.0,2011-09-05 12:41:00,1,23.60
1959,16343.0,2011-11-23 17:45:00,1,8.20
1960,15157.0,2011-12-06 11:28:00,1,9.48
1961,15148.0,2011-11-29 08:21:00,1,19.80
1962,13356.0,2011-09-20 14:33:00,1,17.00
1963,13804.0,2011-07-06 15:10:00,1,17.40
1964,17790.0,2011-10-09 14:22:00,1,11.90
1965,13583.0,2011-07-07 10:40:00,1,6.72
1966,14851.0,2011-03-28 14:59:00,1,10.20
1967,15746.0,2011-07-28 15:21:00,1,6.60
1968,12497.0,2011-09-19 12:29:00,1,120.00
1969,13707.0,2011-03-17 18:03:00,1,12.60
1970,14161.0,2011-05-08 11:41:00,1,23.80
1971,18226.0,2011-03-29 10:50:00,1,52.50
1972,12524.0,2011-05-01 13:18:00,1,133.80
1973,14532.0,2011-04-17 13:05:00,1,20.75
1974,16224.0,2011-07-21 19:17:00,1,10.20
1975,16988.0,2011-12-04 16:02:00,1,10.20
1976,17263.0,2011-05-15 14:32:00,1,2.10
1977,15130.0,2011-06-23 10:15:00,1,10.20
1978,16026.0,2011-10-27 13:53:00,1,6.75
1979,15153.0,2011-11-08 17:09:00,1,17.85
1980,12477.0,2011-08-31 09:11:00,2,92.50
1981,16208.0,2011-10-26 11:36:00,1,21.80
1982,13715.0,2011-01-05 12:15:00,1,5.00
1983,16842.0,2011-02-10 14:51:00,1,10.50
1984,16352.0,2011-11-02 08:44:00,1,7.80
1985,14653.0,2011-10-03 14:59:00,1,3.75
1986,16214.0,2011-03-15 13:23:00,1,10.50
1987,16629.0,2011-09-04 16:12:00,1,1.25
1988,17787.0,2011-01-20 12:20:00,1,8.85
1989,17374.0,2011-05-05 09:05:00,1,31.80
1990,12428.0,2011-03-01 09:35:00,1,45.00
1991,14754.0,2011-02-17 12:21:00,1,17.00
1992,16212.0,2011-03-01 12:51:00,1,14.75
1993,12878.0,2011-04-17 13:07:00,1,12.60
1994,13690.0,2011-10-11 15:03:00,1,29.90
1995,15053.0,2011-12-05 12:08:00,1,0.85
1996,12624.0,2011-06-15 12:34:00,1,10.20
1997,14452.0,2011-09-07 11:32:00,1,3.75
1998,14243.0,2011-02-24 11:38:00,1,12.75
1999,12516.0,2011-06-12 11:37:00,1,42.50
2000,15208.0,2011-06-29 13:51:00,1,20.00
2001,15172.0,2011-12-01 11:51:00,1,8.50
2002,15939.0,2011-06-12 14:48:00,1,40.32
